time_s,owner_type,owner_id,resource_id,resource_kind,server_count,waiting_jobs,running_jobs,residual_work_s,busy_server_seconds,utilization,max_running_observed,physical_energy_j,system_maintenance_energy_j,memory_reserved_bytes,memory_capacity_bytes,descriptor_reserved_json,descriptor_capacity_json,admitted_descriptors,descriptor_capacity,reserved_vram_bytes,vram_capacity_bytes,reserved_work_gpu_s,workload_capacity_gpu_s,rsu_failed
0.1,vehicle,veh-1,veh-1:accelerator,accelerator,1,0,1,0.021,0.0,0.0,1,0.8,,67108864,536870912,"{""accelerator"":1,""cpu"":0,""encoder"":0}","{""accelerator"":8,""cpu"":8,""encoder"":8}",,,,,,,
0.1,vehicle,veh-1,veh-1:cpu,cpu,1,0,0,0,0.0,0.0,0,0.8,,67108864,536870912,"{""accelerator"":1,""cpu"":0,""encoder"":0}","{""accelerator"":8,""cpu"":8,""encoder"":8}",,,,,,,
0.1,vehicle,veh-1,veh-1:encoder,encoder,1,0,0,0,0.0,0.0,0,0.8,,67108864,536870912,"{""accelerator"":1,""cpu"":0,""encoder"":0}","{""accelerator"":8,""cpu"":8,""encoder"":8}",,,,,,,
0.1,vehicle,veh-2,veh-2:accelerator,accelerator,1,0,1,0.038,0.0,0.0,1,0.65,,67108864,268435456,"{""accelerator"":1,""cpu"":0,""encoder"":0}","{""accelerator"":6,""cpu"":6,""encoder"":6}",,,,,,,
0.1,vehicle,veh-2,veh-2:cpu,cpu,1,0,0,0,0.0,0.0,0,0.65,,67108864,268435456,"{""accelerator"":1,""cpu"":0,""encoder"":0}","{""accelerator"":6,""cpu"":6,""encoder"":6}",,,,,,,
0.1,vehicle,veh-2,veh-2:encoder,encoder,1,0,0,0,0.0,0.0,0,0.65,,67108864,268435456,"{""accelerator"":1,""cpu"":0,""encoder"":0}","{""accelerator"":6,""cpu"":6,""encoder"":6}",,,,,,,
0.1,rsu,rsu-1,rsu-1:ingress,rsu_ingress_cpu,1,0,0,0,0.0,0.0,0,7.2,0.0,,,,,0,16,0,8589934592,0.0,30.0,False
0.1,rsu,rsu-1,rsu-1:gpu,rsu_gpu,2,0,0,0,0.0,0.0,0,7.2,0.0,,,,,0,16,0,8589934592,0.0,30.0,False
0.1,rsu,rsu-2,rsu-2:ingress,rsu_ingress_cpu,1,0,0,0,0.0,0.0,0,5.800000000000001,0.0,,,,,0,10,0,6442450944,0.0,18.0,False
0.1,rsu,rsu-2,rsu-2:gpu,rsu_gpu,1,0,0,0,0.0,0.0,0,5.800000000000001,0.0,,,,,0,10,0,6442450944,0.0,18.0,False
0.12100000000000001,vehicle,veh-1,veh-1:accelerator,accelerator,1,0,0,0,0.021000000000000005,0.1735537190082645,1,1.21665,,268435456,536870912,"{""accelerator"":1,""cpu"":0,""encoder"":0}","{""accelerator"":8,""cpu"":8,""encoder"":8}",,,,,,,
0.12100000000000001,vehicle,veh-1,veh-1:cpu,cpu,1,0,0,0,0.0,0.0,0,1.21665,,268435456,536870912,"{""accelerator"":1,""cpu"":0,""encoder"":0}","{""accelerator"":8,""cpu"":8,""encoder"":8}",,,,,,,
0.12100000000000001,vehicle,veh-1,veh-1:encoder,encoder,1,0,0,0,0.0,0.0,0,1.21665,,268435456,536870912,"{""accelerator"":1,""cpu"":0,""encoder"":0}","{""accelerator"":8,""cpu"":8,""encoder"":8}",,,,,,,
0.12100000000000001,vehicle,veh-2,veh-2:accelerator,accelerator,1,0,1,0.016999999999999994,0.021000000000000005,0.1735537190082645,1,0.9465200000000001,,67108864,268435456,"{""accelerator"":1,""cpu"":0,""encoder"":0}","{""accelerator"":6,""cpu"":6,""encoder"":6}",,,,,,,
0.12100000000000001,vehicle,veh-2,veh-2:cpu,cpu,1,0,0,0,0.0,0.0,0,0.9465200000000001,,67108864,268435456,"{""accelerator"":1,""cpu"":0,""encoder"":0}","{""accelerator"":6,""cpu"":6,""encoder"":6}",,,,,,,
0.12100000000000001,vehicle,veh-2,veh-2:encoder,encoder,1,0,0,0,0.0,0.0,0,0.9465200000000001,,67108864,268435456,"{""accelerator"":1,""cpu"":0,""encoder"":0}","{""accelerator"":6,""cpu"":6,""encoder"":6}",,,,,,,
0.12100000000000001,rsu,rsu-1,rsu-1:ingress,rsu_ingress_cpu,1,0,0,0,0.0,0.0,0,8.712,0.0,,,,,0,16,0,8589934592,0.0,30.0,False
0.12100000000000001,rsu,rsu-1,rsu-1:gpu,rsu_gpu,2,0,0,0,0.0,0.0,0,8.712,0.0,,,,,0,16,0,8589934592,0.0,30.0,False
0.12100000000000001,rsu,rsu-2,rsu-2:ingress,rsu_ingress_cpu,1,0,0,0,0.0,0.0,0,7.018000000000001,0.0,,,,,0,10,0,6442450944,0.0,18.0,False
0.12100000000000001,rsu,rsu-2,rsu-2:gpu,rsu_gpu,1,0,0,0,0.0,0.0,0,7.018000000000001,0.0,,,,,0,10,0,6442450944,0.0,18.0,False
0.1218,vehicle,veh-1,veh-1:accelerator,accelerator,1,0,1,0.033,0.021000000000000005,0.17241379310344832,1,1.2231699999999999,,268435456,536870912,"{""accelerator"":1,""cpu"":0,""encoder"":0}","{""accelerator"":8,""cpu"":8,""encoder"":8}",,,,,,,
0.1218,vehicle,veh-1,veh-1:cpu,cpu,1,0,0,0,0.0,0.0,0,1.2231699999999999,,268435456,536870912,"{""accelerator"":1,""cpu"":0,""encoder"":0}","{""accelerator"":8,""cpu"":8,""encoder"":8}",,,,,,,
0.1218,vehicle,veh-1,veh-1:encoder,encoder,1,0,0,0,0.0,0.0,0,1.2231699999999999,,268435456,536870912,"{""accelerator"":1,""cpu"":0,""encoder"":0}","{""accelerator"":8,""cpu"":8,""encoder"":8}",,,,,,,
0.1218,vehicle,veh-2,veh-2:accelerator,accelerator,1,0,1,0.0162,0.0218,0.17898193760262726,1,0.9578160000000001,,67108864,268435456,"{""accelerator"":1,""cpu"":0,""encoder"":0}","{""accelerator"":6,""cpu"":6,""encoder"":6}",,,,,,,
0.1218,vehicle,veh-2,veh-2:cpu,cpu,1,0,0,0,0.0,0.0,0,0.9578160000000001,,67108864,268435456,"{""accelerator"":1,""cpu"":0,""encoder"":0}","{""accelerator"":6,""cpu"":6,""encoder"":6}",,,,,,,
0.1218,vehicle,veh-2,veh-2:encoder,encoder,1,0,0,0,0.0,0.0,0,0.9578160000000001,,67108864,268435456,"{""accelerator"":1,""cpu"":0,""encoder"":0}","{""accelerator"":6,""cpu"":6,""encoder"":6}",,,,,,,
0.1218,rsu,rsu-1,rsu-1:ingress,rsu_ingress_cpu,1,0,0,0,0.0,0.0,0,8.769599999999999,0.0,,,,,0,16,0,8589934592,0.0,30.0,False
0.1218,rsu,rsu-1,rsu-1:gpu,rsu_gpu,2,0,0,0,0.0,0.0,0,8.769599999999999,0.0,,,,,0,16,0,8589934592,0.0,30.0,False
0.1218,rsu,rsu-2,rsu-2:ingress,rsu_ingress_cpu,1,0,0,0,0.0,0.0,0,7.0644,0.0,,,,,0,10,0,6442450944,0.0,18.0,False
0.1218,rsu,rsu-2,rsu-2:gpu,rsu_gpu,1,0,0,0,0.0,0.0,0,7.0644,0.0,,,,,0,10,0,6442450944,0.0,18.0,False
0.138,vehicle,veh-1,veh-1:accelerator,accelerator,1,0,1,0.016799999999999995,0.03720000000000001,0.2695652173913044,1,1.5496,,268435456,536870912,"{""accelerator"":1,""cpu"":0,""encoder"":0}","{""accelerator"":8,""cpu"":8,""encoder"":8}",,,,,,,
0.138,vehicle,veh-1,veh-1:cpu,cpu,1,0,0,0,0.0,0.0,0,1.5496,,268435456,536870912,"{""accelerator"":1,""cpu"":0,""encoder"":0}","{""accelerator"":8,""cpu"":8,""encoder"":8}",,,,,,,
0.138,vehicle,veh-1,veh-1:encoder,encoder,1,0,0,0,0.0,0.0,0,1.5496,,268435456,536870912,"{""accelerator"":1,""cpu"":0,""encoder"":0}","{""accelerator"":8,""cpu"":8,""encoder"":8}",,,,,,,
0.138,vehicle,veh-2,veh-2:accelerator,accelerator,1,0,0,0,0.038000000000000006,0.2753623188405797,1,1.19056,,67108864,268435456,"{""accelerator"":0,""cpu"":0,""encoder"":0}","{""accelerator"":6,""cpu"":6,""encoder"":6}",,,,,,,
0.138,vehicle,veh-2,veh-2:cpu,cpu,1,0,0,0,0.0,0.0,0,1.19056,,67108864,268435456,"{""accelerator"":0,""cpu"":0,""encoder"":0}","{""accelerator"":6,""cpu"":6,""encoder"":6}",,,,,,,
0.138,vehicle,veh-2,veh-2:encoder,encoder,1,0,0,0,0.0,0.0,0,1.19056,,67108864,268435456,"{""accelerator"":0,""cpu"":0,""encoder"":0}","{""accelerator"":6,""cpu"":6,""encoder"":6}",,,,,,,
0.138,rsu,rsu-1,rsu-1:ingress,rsu_ingress_cpu,1,0,0,0,0.0,0.0,0,9.936,0.0,,,,,0,16,0,8589934592,0.0,30.0,False
0.138,rsu,rsu-1,rsu-1:gpu,rsu_gpu,2,0,0,0,0.0,0.0,0,9.936,0.0,,,,,0,16,0,8589934592,0.0,30.0,False
0.138,rsu,rsu-2,rsu-2:ingress,rsu_ingress_cpu,1,0,0,0,0.0,0.0,0,8.004,0.0,,,,,0,10,0,6442450944,0.0,18.0,False
0.138,rsu,rsu-2,rsu-2:gpu,rsu_gpu,1,0,0,0,0.0,0.0,0,8.004,0.0,,,,,0,10,0,6442450944,0.0,18.0,False
0.1388,vehicle,veh-1,veh-1:accelerator,accelerator,1,0,1,0.016,0.038000000000000006,0.27377521613832856,1,1.5657199999999998,,268435456,536870912,"{""accelerator"":1,""cpu"":0,""encoder"":0}","{""accelerator"":8,""cpu"":8,""encoder"":8}",,,,,,,
0.1388,vehicle,veh-1,veh-1:cpu,cpu,1,0,0,0,0.0,0.0,0,1.5657199999999998,,268435456,536870912,"{""accelerator"":1,""cpu"":0,""encoder"":0}","{""accelerator"":8,""cpu"":8,""encoder"":8}",,,,,,,
0.1388,vehicle,veh-1,veh-1:encoder,encoder,1,0,0,0,0.0,0.0,0,1.5657199999999998,,268435456,536870912,"{""accelerator"":1,""cpu"":0,""encoder"":0}","{""accelerator"":8,""cpu"":8,""encoder"":8}",,,,,,,
0.1388,vehicle,veh-2,veh-2:accelerator,accelerator,1,0,0,0,0.038000000000000006,0.27377521613832856,1,1.195856,,0,268435456,"{""accelerator"":0,""cpu"":0,""encoder"":0}","{""accelerator"":6,""cpu"":6,""encoder"":6}",,,,,,,
0.1388,vehicle,veh-2,veh-2:cpu,cpu,1,0,0,0,0.0,0.0,0,1.195856,,0,268435456,"{""accelerator"":0,""cpu"":0,""encoder"":0}","{""accelerator"":6,""cpu"":6,""encoder"":6}",,,,,,,
0.1388,vehicle,veh-2,veh-2:encoder,encoder,1,0,0,0,0.0,0.0,0,1.195856,,0,268435456,"{""accelerator"":0,""cpu"":0,""encoder"":0}","{""accelerator"":6,""cpu"":6,""encoder"":6}",,,,,,,
0.1388,rsu,rsu-1,rsu-1:ingress,rsu_ingress_cpu,1,0,0,0,0.0,0.0,0,9.993599999999999,0.0,,,,,0,16,0,8589934592,0.0,30.0,False
0.1388,rsu,rsu-1,rsu-1:gpu,rsu_gpu,2,0,0,0,0.0,0.0,0,9.993599999999999,0.0,,,,,0,16,0,8589934592,0.0,30.0,False
0.1388,rsu,rsu-2,rsu-2:ingress,rsu_ingress_cpu,1,0,0,0,0.0,0.0,0,8.0504,0.0,,,,,0,10,0,6442450944,0.0,18.0,False
0.1388,rsu,rsu-2,rsu-2:gpu,rsu_gpu,1,0,0,0,0.0,0.0,0,8.0504,0.0,,,,,0,10,0,6442450944,0.0,18.0,False
0.1548,vehicle,veh-1,veh-1:accelerator,accelerator,1,0,0,0,0.05399999999999999,0.34883720930232553,1,1.8881199999999996,,0,536870912,"{""accelerator"":0,""cpu"":0,""encoder"":0}","{""accelerator"":8,""cpu"":8,""encoder"":8}",,,,,,,
0.1548,vehicle,veh-1,veh-1:cpu,cpu,1,0,0,0,0.0,0.0,0,1.8881199999999996,,0,536870912,"{""accelerator"":0,""cpu"":0,""encoder"":0}","{""accelerator"":8,""cpu"":8,""encoder"":8}",,,,,,,
0.1548,vehicle,veh-1,veh-1:encoder,encoder,1,0,0,0,0.0,0.0,0,1.8881199999999996,,0,536870912,"{""accelerator"":0,""cpu"":0,""encoder"":0}","{""accelerator"":8,""cpu"":8,""encoder"":8}",,,,,,,
0.1548,vehicle,veh-2,veh-2:accelerator,accelerator,1,0,0,0,0.038000000000000006,0.24547803617571065,1,1.299856,,0,268435456,"{""accelerator"":0,""cpu"":0,""encoder"":0}","{""accelerator"":6,""cpu"":6,""encoder"":6}",,,,,,,
0.1548,vehicle,veh-2,veh-2:cpu,cpu,1,0,0,0,0.0,0.0,0,1.299856,,0,268435456,"{""accelerator"":0,""cpu"":0,""encoder"":0}","{""accelerator"":6,""cpu"":6,""encoder"":6}",,,,,,,
0.1548,vehicle,veh-2,veh-2:encoder,encoder,1,0,0,0,0.0,0.0,0,1.299856,,0,268435456,"{""accelerator"":0,""cpu"":0,""encoder"":0}","{""accelerator"":6,""cpu"":6,""encoder"":6}",,,,,,,
0.1548,rsu,rsu-1,rsu-1:ingress,rsu_ingress_cpu,1,0,0,0,0.0,0.0,0,11.145599999999998,0.0,,,,,0,16,0,8589934592,0.0,30.0,False
0.1548,rsu,rsu-1,rsu-1:gpu,rsu_gpu,2,0,0,0,0.0,0.0,0,11.145599999999998,0.0,,,,,0,16,0,8589934592,0.0,30.0,False
0.1548,rsu,rsu-2,rsu-2:ingress,rsu_ingress_cpu,1,0,0,0,0.0,0.0,0,8.978399999999999,0.0,,,,,0,10,0,6442450944,0.0,18.0,False
0.1548,rsu,rsu-2,rsu-2:gpu,rsu_gpu,1,0,0,0,0.0,0.0,0,8.978399999999999,0.0,,,,,0,10,0,6442450944,0.0,18.0,False
0.25,vehicle,veh-1,veh-1:accelerator,accelerator,1,0,0,0,0.05399999999999999,0.21599999999999997,1,2.6497199999999994,,0,536870912,"{""accelerator"":0,""cpu"":0,""encoder"":0}","{""accelerator"":8,""cpu"":8,""encoder"":8}",,,,,,,
0.25,vehicle,veh-1,veh-1:cpu,cpu,1,0,0,0,0.0,0.0,0,2.6497199999999994,,0,536870912,"{""accelerator"":0,""cpu"":0,""encoder"":0}","{""accelerator"":8,""cpu"":8,""encoder"":8}",,,,,,,
0.25,vehicle,veh-1,veh-1:encoder,encoder,1,0,0,0,0.0,0.0,0,2.6497199999999994,,0,536870912,"{""accelerator"":0,""cpu"":0,""encoder"":0}","{""accelerator"":8,""cpu"":8,""encoder"":8}",,,,,,,
0.25,vehicle,veh-2,veh-2:accelerator,accelerator,1,0,0,0,0.038000000000000006,0.15200000000000002,1,1.918656,,0,268435456,"{""accelerator"":0,""cpu"":0,""encoder"":0}","{""accelerator"":6,""cpu"":6,""encoder"":6}",,,,,,,
0.25,vehicle,veh-2,veh-2:cpu,cpu,1,0,0,0,0.0,0.0,0,1.918656,,0,268435456,"{""accelerator"":0,""cpu"":0,""encoder"":0}","{""accelerator"":6,""cpu"":6,""encoder"":6}",,,,,,,
0.25,vehicle,veh-2,veh-2:encoder,encoder,1,0,0,0,0.0,0.0,0,1.918656,,0,268435456,"{""accelerator"":0,""cpu"":0,""encoder"":0}","{""accelerator"":6,""cpu"":6,""encoder"":6}",,,,,,,
0.25,rsu,rsu-1,rsu-1:ingress,rsu_ingress_cpu,1,0,0,0,0.0,0.0,0,18.0,0.0,,,,,0,16,0,8589934592,0.0,30.0,False
0.25,rsu,rsu-1,rsu-1:gpu,rsu_gpu,2,0,0,0,0.0,0.0,0,18.0,0.0,,,,,0,16,0,8589934592,0.0,30.0,False
0.25,rsu,rsu-2,rsu-2:ingress,rsu_ingress_cpu,1,0,0,0,0.0,0.0,0,14.5,0.0,,,,,0,10,0,6442450944,0.0,18.0,False
0.25,rsu,rsu-2,rsu-2:gpu,rsu_gpu,1,0,0,0,0.0,0.0,0,14.5,0.0,,,,,0,10,0,6442450944,0.0,18.0,False
0.5,vehicle,veh-1,veh-1:accelerator,accelerator,1,0,0,0,0.05399999999999999,0.10799999999999998,1,4.649719999999999,,0,536870912,"{""accelerator"":0,""cpu"":0,""encoder"":0}","{""accelerator"":8,""cpu"":8,""encoder"":8}",,,,,,,
0.5,vehicle,veh-1,veh-1:cpu,cpu,1,0,0,0,0.0,0.0,0,4.649719999999999,,0,536870912,"{""accelerator"":0,""cpu"":0,""encoder"":0}","{""accelerator"":8,""cpu"":8,""encoder"":8}",,,,,,,
0.5,vehicle,veh-1,veh-1:encoder,encoder,1,0,0,0,0.0,0.0,0,4.649719999999999,,0,536870912,"{""accelerator"":0,""cpu"":0,""encoder"":0}","{""accelerator"":8,""cpu"":8,""encoder"":8}",,,,,,,
0.5,vehicle,veh-2,veh-2:accelerator,accelerator,1,0,0,0,0.038000000000000006,0.07600000000000001,1,3.543656,,0,268435456,"{""accelerator"":0,""cpu"":0,""encoder"":0}","{""accelerator"":6,""cpu"":6,""encoder"":6}",,,,,,,
0.5,vehicle,veh-2,veh-2:cpu,cpu,1,0,0,0,0.0,0.0,0,3.543656,,0,268435456,"{""accelerator"":0,""cpu"":0,""encoder"":0}","{""accelerator"":6,""cpu"":6,""encoder"":6}",,,,,,,
0.5,vehicle,veh-2,veh-2:encoder,encoder,1,0,0,0,0.0,0.0,0,3.543656,,0,268435456,"{""accelerator"":0,""cpu"":0,""encoder"":0}","{""accelerator"":6,""cpu"":6,""encoder"":6}",,,,,,,
0.5,rsu,rsu-1,rsu-1:ingress,rsu_ingress_cpu,1,0,0,0,0.0,0.0,0,36.0,0.0,,,,,0,16,0,8589934592,0.0,30.0,False
0.5,rsu,rsu-1,rsu-1:gpu,rsu_gpu,2,0,0,0,0.0,0.0,0,36.0,0.0,,,,,0,16,0,8589934592,0.0,30.0,False
0.5,rsu,rsu-2,rsu-2:ingress,rsu_ingress_cpu,1,0,0,0,0.0,0.0,0,29.0,0.0,,,,,0,10,0,6442450944,0.0,18.0,False
0.5,rsu,rsu-2,rsu-2:gpu,rsu_gpu,1,0,0,0,0.0,0.0,0,29.0,0.0,,,,,0,10,0,6442450944,0.0,18.0,False
0.72,vehicle,veh-1,veh-1:accelerator,accelerator,1,0,1,0.02478,0.05399999999999999,0.075,1,6.409719999999999,,67108864,536870912,"{""accelerator"":1,""cpu"":0,""encoder"":0}","{""accelerator"":8,""cpu"":8,""encoder"":8}",,,,,,,
0.72,vehicle,veh-1,veh-1:cpu,cpu,1,0,0,0,0.0,0.0,0,6.409719999999999,,67108864,536870912,"{""accelerator"":1,""cpu"":0,""encoder"":0}","{""accelerator"":8,""cpu"":8,""encoder"":8}",,,,,,,
0.72,vehicle,veh-1,veh-1:encoder,encoder,1,0,0,0,0.0,0.0,0,6.409719999999999,,67108864,536870912,"{""accelerator"":1,""cpu"":0,""encoder"":0}","{""accelerator"":8,""cpu"":8,""encoder"":8}",,,,,,,
0.72,vehicle,veh-2,veh-2:accelerator,accelerator,1,0,0,0,0.038000000000000006,0.05277777777777779,1,4.973656,,0,268435456,"{""accelerator"":0,""cpu"":0,""encoder"":0}","{""accelerator"":6,""cpu"":6,""encoder"":6}",,,,,,,
0.72,vehicle,veh-2,veh-2:cpu,cpu,1,0,0,0,0.0,0.0,0,4.973656,,0,268435456,"{""accelerator"":0,""cpu"":0,""encoder"":0}","{""accelerator"":6,""cpu"":6,""encoder"":6}",,,,,,,
0.72,vehicle,veh-2,veh-2:encoder,encoder,1,0,0,0,0.0,0.0,0,4.973656,,0,268435456,"{""accelerator"":0,""cpu"":0,""encoder"":0}","{""accelerator"":6,""cpu"":6,""encoder"":6}",,,,,,,
0.72,rsu,rsu-1,rsu-1:ingress,rsu_ingress_cpu,1,0,0,0,0.0,0.0,0,51.839999999999996,0.0,,,,,0,16,0,8589934592,0.0,30.0,False
0.72,rsu,rsu-1,rsu-1:gpu,rsu_gpu,2,0,0,0,0.0,0.0,0,51.839999999999996,0.0,,,,,0,16,0,8589934592,0.0,30.0,False
0.72,rsu,rsu-2,rsu-2:ingress,rsu_ingress_cpu,1,0,0,0,0.0,0.0,0,41.76,0.0,,,,,0,10,0,6442450944,0.0,18.0,False
0.72,rsu,rsu-2,rsu-2:gpu,rsu_gpu,1,0,0,0,0.0,0.0,0,41.76,0.0,,,,,0,10,0,6442450944,0.0,18.0,False
0.74478,vehicle,veh-1,veh-1:accelerator,accelerator,1,0,0,0,0.07878000000000002,0.10577620236848467,1,6.900646999999999,,268435456,536870912,"{""accelerator"":1,""cpu"":0,""encoder"":0}","{""accelerator"":8,""cpu"":8,""encoder"":8}",,,,,,,
0.74478,vehicle,veh-1,veh-1:cpu,cpu,1,0,0,0,0.0,0.0,0,6.900646999999999,,268435456,536870912,"{""accelerator"":1,""cpu"":0,""encoder"":0}","{""accelerator"":8,""cpu"":8,""encoder"":8}",,,,,,,
0.74478,vehicle,veh-1,veh-1:encoder,encoder,1,0,0,0,0.0,0.0,0,6.900646999999999,,268435456,536870912,"{""accelerator"":1,""cpu"":0,""encoder"":0}","{""accelerator"":8,""cpu"":8,""encoder"":8}",,,,,,,
0.74478,vehicle,veh-2,veh-2:accelerator,accelerator,1,0,0,0,0.038000000000000006,0.05102177824323962,1,5.134726000000001,,0,268435456,"{""accelerator"":0,""cpu"":0,""encoder"":0}","{""accelerator"":6,""cpu"":6,""encoder"":6}",,,,,,,
0.74478,vehicle,veh-2,veh-2:cpu,cpu,1,0,0,0,0.0,0.0,0,5.134726000000001,,0,268435456,"{""accelerator"":0,""cpu"":0,""encoder"":0}","{""accelerator"":6,""cpu"":6,""encoder"":6}",,,,,,,
0.74478,vehicle,veh-2,veh-2:encoder,encoder,1,0,0,0,0.0,0.0,0,5.134726000000001,,0,268435456,"{""accelerator"":0,""cpu"":0,""encoder"":0}","{""accelerator"":6,""cpu"":6,""encoder"":6}",,,,,,,
0.74478,rsu,rsu-1,rsu-1:ingress,rsu_ingress_cpu,1,0,0,0,0.0,0.0,0,53.624159999999996,0.0,,,,,0,16,0,8589934592,0.0,30.0,False
0.74478,rsu,rsu-1,rsu-1:gpu,rsu_gpu,2,0,0,0,0.0,0.0,0,53.624159999999996,0.0,,,,,0,16,0,8589934592,0.0,30.0,False
0.74478,rsu,rsu-2,rsu-2:ingress,rsu_ingress_cpu,1,0,0,0,0.0,0.0,0,43.19724,0.0,,,,,0,10,0,6442450944,0.0,18.0,False
0.74478,rsu,rsu-2,rsu-2:gpu,rsu_gpu,1,0,0,0,0.0,0.0,0,43.19724,0.0,,,,,0,10,0,6442450944,0.0,18.0,False
0.74558,vehicle,veh-1,veh-1:accelerator,accelerator,1,0,1,0.033,0.07878000000000002,0.10566270554467665,1,6.907166999999999,,268435456,536870912,"{""accelerator"":1,""cpu"":0,""encoder"":0}","{""accelerator"":8,""cpu"":8,""encoder"":8}",,,,,,,
0.74558,vehicle,veh-1,veh-1:cpu,cpu,1,0,0,0,0.0,0.0,0,6.907166999999999,,268435456,536870912,"{""accelerator"":1,""cpu"":0,""encoder"":0}","{""accelerator"":8,""cpu"":8,""encoder"":8}",,,,,,,
0.74558,vehicle,veh-1,veh-1:encoder,encoder,1,0,0,0,0.0,0.0,0,6.907166999999999,,268435456,536870912,"{""accelerator"":1,""cpu"":0,""encoder"":0}","{""accelerator"":8,""cpu"":8,""encoder"":8}",,,,,,,
0.74558,vehicle,veh-2,veh-2:accelerator,accelerator,1,0,0,0,0.038000000000000006,0.05096703237747794,1,5.139926000000001,,0,268435456,"{""accelerator"":0,""cpu"":0,""encoder"":0}","{""accelerator"":6,""cpu"":6,""encoder"":6}",,,,,,,
0.74558,vehicle,veh-2,veh-2:cpu,cpu,1,0,0,0,0.0,0.0,0,5.139926000000001,,0,268435456,"{""accelerator"":0,""cpu"":0,""encoder"":0}","{""accelerator"":6,""cpu"":6,""encoder"":6}",,,,,,,
0.74558,vehicle,veh-2,veh-2:encoder,encoder,1,0,0,0,0.0,0.0,0,5.139926000000001,,0,268435456,"{""accelerator"":0,""cpu"":0,""encoder"":0}","{""accelerator"":6,""cpu"":6,""encoder"":6}",,,,,,,
0.74558,rsu,rsu-1,rsu-1:ingress,rsu_ingress_cpu,1,0,0,0,0.0,0.0,0,53.68176,0.0,,,,,0,16,0,8589934592,0.0,30.0,False
0.74558,rsu,rsu-1,rsu-1:gpu,rsu_gpu,2,0,0,0,0.0,0.0,0,53.68176,0.0,,,,,0,16,0,8589934592,0.0,30.0,False
0.74558,rsu,rsu-2,rsu-2:ingress,rsu_ingress_cpu,1,0,0,0,0.0,0.0,0,43.24364,0.0,,,,,0,10,0,6442450944,0.0,18.0,False
0.74558,rsu,rsu-2,rsu-2:gpu,rsu_gpu,1,0,0,0,0.0,0.0,0,43.24364,0.0,,,,,0,10,0,6442450944,0.0,18.0,False
0.75,vehicle,veh-1,veh-1:accelerator,accelerator,1,0,1,0.028580000000000022,0.0832,0.11093333333333333,1,6.99623,,268435456,536870912,"{""accelerator"":1,""cpu"":0,""encoder"":0}","{""accelerator"":8,""cpu"":8,""encoder"":8}",,,,,,,
0.75,vehicle,veh-1,veh-1:cpu,cpu,1,0,0,0,0.0,0.0,0,6.99623,,268435456,536870912,"{""accelerator"":1,""cpu"":0,""encoder"":0}","{""accelerator"":8,""cpu"":8,""encoder"":8}",,,,,,,
0.75,vehicle,veh-1,veh-1:encoder,encoder,1,0,0,0,0.0,0.0,0,6.99623,,268435456,536870912,"{""accelerator"":1,""cpu"":0,""encoder"":0}","{""accelerator"":8,""cpu"":8,""encoder"":8}",,,,,,,
0.75,vehicle,veh-2,veh-2:accelerator,accelerator,1,0,0,0,0.038000000000000006,0.05066666666666667,1,5.168656,,0,268435456,"{""accelerator"":0,""cpu"":0,""encoder"":0}","{""accelerator"":6,""cpu"":6,""encoder"":6}",,,,,,,
0.75,vehicle,veh-2,veh-2:cpu,cpu,1,0,0,0,0.0,0.0,0,5.168656,,0,268435456,"{""accelerator"":0,""cpu"":0,""encoder"":0}","{""accelerator"":6,""cpu"":6,""encoder"":6}",,,,,,,
0.75,vehicle,veh-2,veh-2:encoder,encoder,1,0,0,0,0.0,0.0,0,5.168656,,0,268435456,"{""accelerator"":0,""cpu"":0,""encoder"":0}","{""accelerator"":6,""cpu"":6,""encoder"":6}",,,,,,,
0.75,rsu,rsu-1,rsu-1:ingress,rsu_ingress_cpu,1,0,0,0,0.0,0.0,0,53.99999999999999,0.0,,,,,0,16,0,8589934592,0.0,30.0,False
0.75,rsu,rsu-1,rsu-1:gpu,rsu_gpu,2,0,0,0,0.0,0.0,0,53.99999999999999,0.0,,,,,0,16,0,8589934592,0.0,30.0,False
0.75,rsu,rsu-2,rsu-2:ingress,rsu_ingress_cpu,1,0,0,0,0.0,0.0,0,43.5,0.0,,,,,0,10,0,6442450944,0.0,18.0,False
0.75,rsu,rsu-2,rsu-2:gpu,rsu_gpu,1,0,0,0,0.0,0.0,0,43.5,0.0,,,,,0,10,0,6442450944,0.0,18.0,False
0.77858,vehicle,veh-1,veh-1:accelerator,accelerator,1,0,0,0,0.11178000000000005,0.14356906162500968,1,7.572117,,0,536870912,"{""accelerator"":0,""cpu"":0,""encoder"":0}","{""accelerator"":8,""cpu"":8,""encoder"":8}",,,,,,,
0.77858,vehicle,veh-1,veh-1:cpu,cpu,1,0,0,0,0.0,0.0,0,7.572117,,0,536870912,"{""accelerator"":0,""cpu"":0,""encoder"":0}","{""accelerator"":8,""cpu"":8,""encoder"":8}",,,,,,,
0.77858,vehicle,veh-1,veh-1:encoder,encoder,1,0,0,0,0.0,0.0,0,7.572117,,0,536870912,"{""accelerator"":0,""cpu"":0,""encoder"":0}","{""accelerator"":8,""cpu"":8,""encoder"":8}",,,,,,,
0.77858,vehicle,veh-2,veh-2:accelerator,accelerator,1,0,0,0,0.038000000000000006,0.048806802126949066,1,5.354426000000001,,0,268435456,"{""accelerator"":0,""cpu"":0,""encoder"":0}","{""accelerator"":6,""cpu"":6,""encoder"":6}",,,,,,,
0.77858,vehicle,veh-2,veh-2:cpu,cpu,1,0,0,0,0.0,0.0,0,5.354426000000001,,0,268435456,"{""accelerator"":0,""cpu"":0,""encoder"":0}","{""accelerator"":6,""cpu"":6,""encoder"":6}",,,,,,,
0.77858,vehicle,veh-2,veh-2:encoder,encoder,1,0,0,0,0.0,0.0,0,5.354426000000001,,0,268435456,"{""accelerator"":0,""cpu"":0,""encoder"":0}","{""accelerator"":6,""cpu"":6,""encoder"":6}",,,,,,,
0.77858,rsu,rsu-1,rsu-1:ingress,rsu_ingress_cpu,1,0,0,0,0.0,0.0,0,56.057759999999995,0.0,,,,,0,16,0,8589934592,0.0,30.0,False
0.77858,rsu,rsu-1,rsu-1:gpu,rsu_gpu,2,0,0,0,0.0,0.0,0,56.057759999999995,0.0,,,,,0,16,0,8589934592,0.0,30.0,False
0.77858,rsu,rsu-2,rsu-2:ingress,rsu_ingress_cpu,1,0,0,0,0.0,0.0,0,45.15764,0.0,,,,,0,10,0,6442450944,0.0,18.0,False
0.77858,rsu,rsu-2,rsu-2:gpu,rsu_gpu,1,0,0,0,0.0,0.0,0,45.15764,0.0,,,,,0,10,0,6442450944,0.0,18.0,False
1.0,vehicle,veh-1,veh-1:accelerator,accelerator,1,0,0,0,0.11178000000000005,0.11178000000000005,1,9.343477,,0,536870912,"{""accelerator"":0,""cpu"":0,""encoder"":0}","{""accelerator"":8,""cpu"":8,""encoder"":8}",,,,,,,
1.0,vehicle,veh-1,veh-1:cpu,cpu,1,0,0,0,0.0,0.0,0,9.343477,,0,536870912,"{""accelerator"":0,""cpu"":0,""encoder"":0}","{""accelerator"":8,""cpu"":8,""encoder"":8}",,,,,,,
1.0,vehicle,veh-1,veh-1:encoder,encoder,1,0,0,0,0.0,0.0,0,9.343477,,0,536870912,"{""accelerator"":0,""cpu"":0,""encoder"":0}","{""accelerator"":8,""cpu"":8,""encoder"":8}",,,,,,,
1.0,vehicle,veh-2,veh-2:accelerator,accelerator,1,0,0,0,0.038000000000000006,0.038000000000000006,1,6.793656,,0,268435456,"{""accelerator"":0,""cpu"":0,""encoder"":0}","{""accelerator"":6,""cpu"":6,""encoder"":6}",,,,,,,
1.0,vehicle,veh-2,veh-2:cpu,cpu,1,0,0,0,0.0,0.0,0,6.793656,,0,268435456,"{""accelerator"":0,""cpu"":0,""encoder"":0}","{""accelerator"":6,""cpu"":6,""encoder"":6}",,,,,,,
1.0,vehicle,veh-2,veh-2:encoder,encoder,1,0,0,0,0.0,0.0,0,6.793656,,0,268435456,"{""accelerator"":0,""cpu"":0,""encoder"":0}","{""accelerator"":6,""cpu"":6,""encoder"":6}",,,,,,,
1.0,rsu,rsu-1,rsu-1:ingress,rsu_ingress_cpu,1,0,0,0,0.0,0.0,0,71.99999999999999,0.0,,,,,0,16,0,8589934592,0.0,30.0,False
1.0,rsu,rsu-1,rsu-1:gpu,rsu_gpu,2,0,0,0,0.0,0.0,0,71.99999999999999,0.0,,,,,0,16,0,8589934592,0.0,30.0,False
1.0,rsu,rsu-2,rsu-2:ingress,rsu_ingress_cpu,1,0,0,0,0.0,0.0,0,58.0,0.0,,,,,0,10,0,6442450944,0.0,18.0,False
1.0,rsu,rsu-2,rsu-2:gpu,rsu_gpu,1,0,0,0,0.0,0.0,0,58.0,0.0,,,,,0,10,0,6442450944,0.0,18.0,False
1.25,vehicle,veh-1,veh-1:accelerator,accelerator,1,0,0,0,0.11178000000000005,0.08942400000000003,1,11.343477,,0,536870912,"{""accelerator"":0,""cpu"":0,""encoder"":0}","{""accelerator"":8,""cpu"":8,""encoder"":8}",,,,,,,
1.25,vehicle,veh-1,veh-1:cpu,cpu,1,0,0,0,0.0,0.0,0,11.343477,,0,536870912,"{""accelerator"":0,""cpu"":0,""encoder"":0}","{""accelerator"":8,""cpu"":8,""encoder"":8}",,,,,,,
1.25,vehicle,veh-1,veh-1:encoder,encoder,1,0,0,0,0.0,0.0,0,11.343477,,0,536870912,"{""accelerator"":0,""cpu"":0,""encoder"":0}","{""accelerator"":8,""cpu"":8,""encoder"":8}",,,,,,,
1.25,vehicle,veh-2,veh-2:accelerator,accelerator,1,0,0,0,0.038000000000000006,0.030400000000000003,1,8.418656,,0,268435456,"{""accelerator"":0,""cpu"":0,""encoder"":0}","{""accelerator"":6,""cpu"":6,""encoder"":6}",,,,,,,
1.25,vehicle,veh-2,veh-2:cpu,cpu,1,0,0,0,0.0,0.0,0,8.418656,,0,268435456,"{""accelerator"":0,""cpu"":0,""encoder"":0}","{""accelerator"":6,""cpu"":6,""encoder"":6}",,,,,,,
1.25,vehicle,veh-2,veh-2:encoder,encoder,1,0,0,0,0.0,0.0,0,8.418656,,0,268435456,"{""accelerator"":0,""cpu"":0,""encoder"":0}","{""accelerator"":6,""cpu"":6,""encoder"":6}",,,,,,,
1.25,rsu,rsu-1,rsu-1:ingress,rsu_ingress_cpu,1,0,0,0,0.0,0.0,0,89.99999999999999,0.0,,,,,0,16,0,8589934592,0.0,30.0,False
1.25,rsu,rsu-1,rsu-1:gpu,rsu_gpu,2,0,0,0,0.0,0.0,0,89.99999999999999,0.0,,,,,0,16,0,8589934592,0.0,30.0,False
1.25,rsu,rsu-2,rsu-2:ingress,rsu_ingress_cpu,1,0,0,0,0.0,0.0,0,72.5,0.0,,,,,0,10,0,6442450944,0.0,18.0,False
1.25,rsu,rsu-2,rsu-2:gpu,rsu_gpu,1,0,0,0,0.0,0.0,0,72.5,0.0,,,,,0,10,0,6442450944,0.0,18.0,False
1.4,vehicle,veh-1,veh-1:accelerator,accelerator,1,0,0,0,0.11178000000000005,0.07984285714285719,1,12.543477,,0,536870912,"{""accelerator"":0,""cpu"":0,""encoder"":0}","{""accelerator"":8,""cpu"":8,""encoder"":8}",,,,,,,
1.4,vehicle,veh-1,veh-1:cpu,cpu,1,0,0,0,0.0,0.0,0,12.543477,,0,536870912,"{""accelerator"":0,""cpu"":0,""encoder"":0}","{""accelerator"":8,""cpu"":8,""encoder"":8}",,,,,,,
1.4,vehicle,veh-1,veh-1:encoder,encoder,1,0,0,0,0.0,0.0,0,12.543477,,0,536870912,"{""accelerator"":0,""cpu"":0,""encoder"":0}","{""accelerator"":8,""cpu"":8,""encoder"":8}",,,,,,,
1.4,vehicle,veh-2,veh-2:accelerator,accelerator,1,0,0,0,0.038000000000000006,0.02714285714285715,1,9.393656,,0,268435456,"{""accelerator"":0,""cpu"":0,""encoder"":0}","{""accelerator"":6,""cpu"":6,""encoder"":6}",,,,,,,
1.4,vehicle,veh-2,veh-2:cpu,cpu,1,0,0,0,0.0,0.0,0,9.393656,,0,268435456,"{""accelerator"":0,""cpu"":0,""encoder"":0}","{""accelerator"":6,""cpu"":6,""encoder"":6}",,,,,,,
1.4,vehicle,veh-2,veh-2:encoder,encoder,1,0,0,0,0.0,0.0,0,9.393656,,0,268435456,"{""accelerator"":0,""cpu"":0,""encoder"":0}","{""accelerator"":6,""cpu"":6,""encoder"":6}",,,,,,,
1.4,rsu,rsu-1,rsu-1:ingress,rsu_ingress_cpu,1,0,0,0,0.0,0.0,0,100.79999999999998,0.0,,,,,0,16,0,8589934592,0.0,30.0,False
1.4,rsu,rsu-1,rsu-1:gpu,rsu_gpu,2,0,0,0,0.0,0.0,0,100.79999999999998,0.0,,,,,0,16,0,8589934592,0.0,30.0,False
1.4,rsu,rsu-2,rsu-2:ingress,rsu_ingress_cpu,1,0,0,0,0.0,0.0,0,81.19999999999999,0.0,,,,,0,10,0,6442450944,0.0,18.0,False
1.4,rsu,rsu-2,rsu-2:gpu,rsu_gpu,1,0,0,0,0.0,0.0,0,81.19999999999999,0.0,,,,,0,10,0,6442450944,0.0,18.0,False
1.42,vehicle,veh-1,veh-1:accelerator,accelerator,1,0,0,0,0.11178000000000005,0.07871830985915497,1,12.703477,,0,536870912,"{""accelerator"":0,""cpu"":0,""encoder"":0}","{""accelerator"":8,""cpu"":8,""encoder"":8}",,,,,,,
1.42,vehicle,veh-1,veh-1:cpu,cpu,1,0,0,0,0.0,0.0,0,12.703477,,0,536870912,"{""accelerator"":0,""cpu"":0,""encoder"":0}","{""accelerator"":8,""cpu"":8,""encoder"":8}",,,,,,,
1.42,vehicle,veh-1,veh-1:encoder,encoder,1,0,0,0,0.0,0.0,0,12.703477,,0,536870912,"{""accelerator"":0,""cpu"":0,""encoder"":0}","{""accelerator"":8,""cpu"":8,""encoder"":8}",,,,,,,
1.42,vehicle,veh-2,veh-2:accelerator,accelerator,1,0,1,0.038,0.038000000000000006,0.026760563380281696,1,9.523656,,67108864,268435456,"{""accelerator"":1,""cpu"":0,""encoder"":0}","{""accelerator"":6,""cpu"":6,""encoder"":6}",,,,,,,
1.42,vehicle,veh-2,veh-2:cpu,cpu,1,0,0,0,0.0,0.0,0,9.523656,,67108864,268435456,"{""accelerator"":1,""cpu"":0,""encoder"":0}","{""accelerator"":6,""cpu"":6,""encoder"":6}",,,,,,,
1.42,vehicle,veh-2,veh-2:encoder,encoder,1,0,0,0,0.0,0.0,0,9.523656,,67108864,268435456,"{""accelerator"":1,""cpu"":0,""encoder"":0}","{""accelerator"":6,""cpu"":6,""encoder"":6}",,,,,,,
1.42,rsu,rsu-1,rsu-1:ingress,rsu_ingress_cpu,1,0,0,0,0.0,0.0,0,102.23999999999998,0.0,,,,,0,16,0,8589934592,0.0,30.0,False
1.42,rsu,rsu-1,rsu-1:gpu,rsu_gpu,2,0,0,0,0.0,0.0,0,102.23999999999998,0.0,,,,,0,16,0,8589934592,0.0,30.0,False
1.42,rsu,rsu-2,rsu-2:ingress,rsu_ingress_cpu,1,0,0,0,0.0,0.0,0,82.35999999999999,0.0,,,,,0,10,0,6442450944,0.0,18.0,False
1.42,rsu,rsu-2,rsu-2:gpu,rsu_gpu,1,0,0,0,0.0,0.0,0,82.35999999999999,0.0,,,,,0,10,0,6442450944,0.0,18.0,False
1.458,vehicle,veh-1,veh-1:accelerator,accelerator,1,0,0,0,0.11178000000000005,0.0766666666666667,1,13.007477,,0,536870912,"{""accelerator"":0,""cpu"":0,""encoder"":0}","{""accelerator"":8,""cpu"":8,""encoder"":8}",,,,,,,
1.458,vehicle,veh-1,veh-1:cpu,cpu,1,0,0,0,0.0,0.0,0,13.007477,,0,536870912,"{""accelerator"":0,""cpu"":0,""encoder"":0}","{""accelerator"":8,""cpu"":8,""encoder"":8}",,,,,,,
1.458,vehicle,veh-1,veh-1:encoder,encoder,1,0,0,0,0.0,0.0,0,13.007477,,0,536870912,"{""accelerator"":0,""cpu"":0,""encoder"":0}","{""accelerator"":8,""cpu"":8,""encoder"":8}",,,,,,,
1.458,vehicle,veh-2,veh-2:accelerator,accelerator,1,0,0,0,0.07600000000000004,0.05212620027434845,1,10.064216,,67108864,268435456,"{""accelerator"":0,""cpu"":0,""encoder"":0}","{""accelerator"":6,""cpu"":6,""encoder"":6}",,,,,,,
1.458,vehicle,veh-2,veh-2:cpu,cpu,1,0,0,0,0.0,0.0,0,10.064216,,67108864,268435456,"{""accelerator"":0,""cpu"":0,""encoder"":0}","{""accelerator"":6,""cpu"":6,""encoder"":6}",,,,,,,
1.458,vehicle,veh-2,veh-2:encoder,encoder,1,0,0,0,0.0,0.0,0,10.064216,,67108864,268435456,"{""accelerator"":0,""cpu"":0,""encoder"":0}","{""accelerator"":6,""cpu"":6,""encoder"":6}",,,,,,,
1.458,rsu,rsu-1,rsu-1:ingress,rsu_ingress_cpu,1,0,0,0,0.0,0.0,0,104.97599999999998,0.0,,,,,0,16,0,8589934592,0.0,30.0,False
1.458,rsu,rsu-1,rsu-1:gpu,rsu_gpu,2,0,0,0,0.0,0.0,0,104.97599999999998,0.0,,,,,0,16,0,8589934592,0.0,30.0,False
1.458,rsu,rsu-2,rsu-2:ingress,rsu_ingress_cpu,1,0,0,0,0.0,0.0,0,84.564,0.0,,,,,0,10,0,6442450944,0.0,18.0,False
1.458,rsu,rsu-2,rsu-2:gpu,rsu_gpu,1,0,0,0,0.0,0.0,0,84.564,0.0,,,,,0,10,0,6442450944,0.0,18.0,False
1.4587999999999999,vehicle,veh-1,veh-1:accelerator,accelerator,1,0,0,0,0.11178000000000005,0.07662462297779,1,13.013876999999999,,0,536870912,"{""accelerator"":0,""cpu"":0,""encoder"":0}","{""accelerator"":8,""cpu"":8,""encoder"":8}",,,,,,,
1.4587999999999999,vehicle,veh-1,veh-1:cpu,cpu,1,0,0,0,0.0,0.0,0,13.013876999999999,,0,536870912,"{""accelerator"":0,""cpu"":0,""encoder"":0}","{""accelerator"":8,""cpu"":8,""encoder"":8}",,,,,,,
1.4587999999999999,vehicle,veh-1,veh-1:encoder,encoder,1,0,0,0,0.0,0.0,0,13.013876999999999,,0,536870912,"{""accelerator"":0,""cpu"":0,""encoder"":0}","{""accelerator"":8,""cpu"":8,""encoder"":8}",,,,,,,
1.4587999999999999,vehicle,veh-2,veh-2:accelerator,accelerator,1,0,0,0,0.07600000000000004,0.0520976144776529,1,10.069512,,0,268435456,"{""accelerator"":0,""cpu"":0,""encoder"":0}","{""accelerator"":6,""cpu"":6,""encoder"":6}",,,,,,,
1.4587999999999999,vehicle,veh-2,veh-2:cpu,cpu,1,0,0,0,0.0,0.0,0,10.069512,,0,268435456,"{""accelerator"":0,""cpu"":0,""encoder"":0}","{""accelerator"":6,""cpu"":6,""encoder"":6}",,,,,,,
1.4587999999999999,vehicle,veh-2,veh-2:encoder,encoder,1,0,0,0,0.0,0.0,0,10.069512,,0,268435456,"{""accelerator"":0,""cpu"":0,""encoder"":0}","{""accelerator"":6,""cpu"":6,""encoder"":6}",,,,,,,
1.4587999999999999,rsu,rsu-1,rsu-1:ingress,rsu_ingress_cpu,1,0,0,0,0.0,0.0,0,105.03359999999998,0.0,,,,,0,16,0,8589934592,0.0,30.0,False
1.4587999999999999,rsu,rsu-1,rsu-1:gpu,rsu_gpu,2,0,0,0,0.0,0.0,0,105.03359999999998,0.0,,,,,0,16,0,8589934592,0.0,30.0,False
1.4587999999999999,rsu,rsu-2,rsu-2:ingress,rsu_ingress_cpu,1,0,0,0,0.0,0.0,0,84.61039999999998,0.0,,,,,0,10,0,6442450944,0.0,18.0,False
1.4587999999999999,rsu,rsu-2,rsu-2:gpu,rsu_gpu,1,0,0,0,0.0,0.0,0,84.61039999999998,0.0,,,,,0,10,0,6442450944,0.0,18.0,False
1.5,vehicle,veh-1,veh-1:accelerator,accelerator,1,0,0,0,0.11178000000000005,0.07452000000000003,1,13.343477,,0,536870912,"{""accelerator"":0,""cpu"":0,""encoder"":0}","{""accelerator"":8,""cpu"":8,""encoder"":8}",,,,,,,
1.5,vehicle,veh-1,veh-1:cpu,cpu,1,0,0,0,0.0,0.0,0,13.343477,,0,536870912,"{""accelerator"":0,""cpu"":0,""encoder"":0}","{""accelerator"":8,""cpu"":8,""encoder"":8}",,,,,,,
1.5,vehicle,veh-1,veh-1:encoder,encoder,1,0,0,0,0.0,0.0,0,13.343477,,0,536870912,"{""accelerator"":0,""cpu"":0,""encoder"":0}","{""accelerator"":8,""cpu"":8,""encoder"":8}",,,,,,,
1.5,vehicle,veh-2,veh-2:accelerator,accelerator,1,0,0,0,0.07600000000000004,0.05066666666666669,1,10.337312,,0,268435456,"{""accelerator"":0,""cpu"":0,""encoder"":0}","{""accelerator"":6,""cpu"":6,""encoder"":6}",,,,,,,
1.5,vehicle,veh-2,veh-2:cpu,cpu,1,0,0,0,0.0,0.0,0,10.337312,,0,268435456,"{""accelerator"":0,""cpu"":0,""encoder"":0}","{""accelerator"":6,""cpu"":6,""encoder"":6}",,,,,,,
1.5,vehicle,veh-2,veh-2:encoder,encoder,1,0,0,0,0.0,0.0,0,10.337312,,0,268435456,"{""accelerator"":0,""cpu"":0,""encoder"":0}","{""accelerator"":6,""cpu"":6,""encoder"":6}",,,,,,,
1.5,rsu,rsu-1,rsu-1:ingress,rsu_ingress_cpu,1,0,0,0,0.0,0.0,0,107.99999999999999,0.0,,,,,0,16,0,8589934592,0.0,30.0,False
1.5,rsu,rsu-1,rsu-1:gpu,rsu_gpu,2,0,0,0,0.0,0.0,0,107.99999999999999,0.0,,,,,0,16,0,8589934592,0.0,30.0,False
1.5,rsu,rsu-2,rsu-2:ingress,rsu_ingress_cpu,1,0,0,0,0.0,0.0,0,86.99999999999999,0.0,,,,,0,10,0,6442450944,0.0,18.0,False
1.5,rsu,rsu-2,rsu-2:gpu,rsu_gpu,1,0,0,0,0.0,0.0,0,86.99999999999999,0.0,,,,,0,10,0,6442450944,0.0,18.0,False
1.75,vehicle,veh-1,veh-1:accelerator,accelerator,1,0,0,0,0.11178000000000005,0.06387428571428574,1,15.343477,,0,536870912,"{""accelerator"":0,""cpu"":0,""encoder"":0}","{""accelerator"":8,""cpu"":8,""encoder"":8}",,,,,,,
1.75,vehicle,veh-1,veh-1:cpu,cpu,1,0,0,0,0.0,0.0,0,15.343477,,0,536870912,"{""accelerator"":0,""cpu"":0,""encoder"":0}","{""accelerator"":8,""cpu"":8,""encoder"":8}",,,,,,,
1.75,vehicle,veh-1,veh-1:encoder,encoder,1,0,0,0,0.0,0.0,0,15.343477,,0,536870912,"{""accelerator"":0,""cpu"":0,""encoder"":0}","{""accelerator"":8,""cpu"":8,""encoder"":8}",,,,,,,
1.75,vehicle,veh-2,veh-2:accelerator,accelerator,1,0,0,0,0.07600000000000004,0.04342857142857145,1,11.962312,,0,268435456,"{""accelerator"":0,""cpu"":0,""encoder"":0}","{""accelerator"":6,""cpu"":6,""encoder"":6}",,,,,,,
1.75,vehicle,veh-2,veh-2:cpu,cpu,1,0,0,0,0.0,0.0,0,11.962312,,0,268435456,"{""accelerator"":0,""cpu"":0,""encoder"":0}","{""accelerator"":6,""cpu"":6,""encoder"":6}",,,,,,,
1.75,vehicle,veh-2,veh-2:encoder,encoder,1,0,0,0,0.0,0.0,0,11.962312,,0,268435456,"{""accelerator"":0,""cpu"":0,""encoder"":0}","{""accelerator"":6,""cpu"":6,""encoder"":6}",,,,,,,
1.75,rsu,rsu-1,rsu-1:ingress,rsu_ingress_cpu,1,0,0,0,0.0,0.0,0,125.99999999999999,0.0,,,,,0,16,0,8589934592,0.0,30.0,False
1.75,rsu,rsu-1,rsu-1:gpu,rsu_gpu,2,0,0,0,0.0,0.0,0,125.99999999999999,0.0,,,,,0,16,0,8589934592,0.0,30.0,False
1.75,rsu,rsu-2,rsu-2:ingress,rsu_ingress_cpu,1,0,0,0,0.0,0.0,0,101.49999999999999,0.0,,,,,0,10,0,6442450944,0.0,18.0,False
1.75,rsu,rsu-2,rsu-2:gpu,rsu_gpu,1,0,0,0,0.0,0.0,0,101.49999999999999,0.0,,,,,0,10,0,6442450944,0.0,18.0,False
1.8,vehicle,veh-1,veh-1:accelerator,accelerator,1,0,0,0,0.11178000000000005,0.06210000000000002,1,15.743477,,0,536870912,"{""accelerator"":0,""cpu"":0,""encoder"":0}","{""accelerator"":8,""cpu"":8,""encoder"":8}",,,,,,,
1.8,vehicle,veh-1,veh-1:cpu,cpu,1,0,0,0,0.0,0.0,0,15.743477,,0,536870912,"{""accelerator"":0,""cpu"":0,""encoder"":0}","{""accelerator"":8,""cpu"":8,""encoder"":8}",,,,,,,
1.8,vehicle,veh-1,veh-1:encoder,encoder,1,0,0,0,0.0,0.0,0,15.743477,,0,536870912,"{""accelerator"":0,""cpu"":0,""encoder"":0}","{""accelerator"":8,""cpu"":8,""encoder"":8}",,,,,,,
1.8,vehicle,veh-2,veh-2:accelerator,accelerator,1,0,0,0,0.07600000000000004,0.042222222222222244,1,12.287312000000002,,0,268435456,"{""accelerator"":0,""cpu"":0,""encoder"":0}","{""accelerator"":6,""cpu"":6,""encoder"":6}",,,,,,,
1.8,vehicle,veh-2,veh-2:cpu,cpu,1,0,0,0,0.0,0.0,0,12.287312000000002,,0,268435456,"{""accelerator"":0,""cpu"":0,""encoder"":0}","{""accelerator"":6,""cpu"":6,""encoder"":6}",,,,,,,
1.8,vehicle,veh-2,veh-2:encoder,encoder,1,0,0,0,0.0,0.0,0,12.287312000000002,,0,268435456,"{""accelerator"":0,""cpu"":0,""encoder"":0}","{""accelerator"":6,""cpu"":6,""encoder"":6}",,,,,,,
1.8,rsu,rsu-1,rsu-1:ingress,rsu_ingress_cpu,1,0,0,0,0.0,0.0,0,129.6,0.0,,,,,0,16,0,8589934592,0.0,30.0,False
1.8,rsu,rsu-1,rsu-1:gpu,rsu_gpu,2,0,0,0,0.0,0.0,0,129.6,0.0,,,,,0,16,0,8589934592,0.0,30.0,False
1.8,rsu,rsu-2,rsu-2:ingress,rsu_ingress_cpu,1,0,0,0,0.0,0.0,0,104.39999999999999,0.0,,,,,0,10,0,6442450944,0.0,18.0,False
1.8,rsu,rsu-2,rsu-2:gpu,rsu_gpu,1,0,0,0,0.0,0.0,0,104.39999999999999,0.0,,,,,0,10,0,6442450944,0.0,18.0,False
2.0,vehicle,veh-1,veh-1:accelerator,accelerator,1,0,0,0,0.11178000000000005,0.05589000000000002,1,17.343477,,0,536870912,"{""accelerator"":0,""cpu"":0,""encoder"":0}","{""accelerator"":8,""cpu"":8,""encoder"":8}",,,,,,,
2.0,vehicle,veh-1,veh-1:cpu,cpu,1,0,0,0,0.0,0.0,0,17.343477,,0,536870912,"{""accelerator"":0,""cpu"":0,""encoder"":0}","{""accelerator"":8,""cpu"":8,""encoder"":8}",,,,,,,
2.0,vehicle,veh-1,veh-1:encoder,encoder,1,0,0,0,0.0,0.0,0,17.343477,,0,536870912,"{""accelerator"":0,""cpu"":0,""encoder"":0}","{""accelerator"":8,""cpu"":8,""encoder"":8}",,,,,,,
2.0,vehicle,veh-2,veh-2:accelerator,accelerator,1,0,0,0,0.07600000000000004,0.03800000000000002,1,13.587312,,0,268435456,"{""accelerator"":0,""cpu"":0,""encoder"":0}","{""accelerator"":6,""cpu"":6,""encoder"":6}",,,,,,,
2.0,vehicle,veh-2,veh-2:cpu,cpu,1,0,0,0,0.0,0.0,0,13.587312,,0,268435456,"{""accelerator"":0,""cpu"":0,""encoder"":0}","{""accelerator"":6,""cpu"":6,""encoder"":6}",,,,,,,
2.0,vehicle,veh-2,veh-2:encoder,encoder,1,0,0,0,0.0,0.0,0,13.587312,,0,268435456,"{""accelerator"":0,""cpu"":0,""encoder"":0}","{""accelerator"":6,""cpu"":6,""encoder"":6}",,,,,,,
2.0,rsu,rsu-1,rsu-1:ingress,rsu_ingress_cpu,1,0,0,0,0.0,0.0,0,144.0,0.0,,,,,0,16,0,8589934592,0.0,30.0,False
2.0,rsu,rsu-1,rsu-1:gpu,rsu_gpu,2,0,0,0,0.0,0.0,0,144.0,0.0,,,,,0,16,0,8589934592,0.0,30.0,False
2.0,rsu,rsu-2,rsu-2:ingress,rsu_ingress_cpu,1,0,0,0,0.0,0.0,0,115.99999999999999,0.0,,,,,0,10,0,6442450944,0.0,18.0,False
2.0,rsu,rsu-2,rsu-2:gpu,rsu_gpu,1,0,0,0,0.0,0.0,0,115.99999999999999,0.0,,,,,0,10,0,6442450944,0.0,18.0,False
2.25,vehicle,veh-1,veh-1:accelerator,accelerator,1,0,0,0,0.11178000000000005,0.04968000000000002,1,19.343477,,0,536870912,"{""accelerator"":0,""cpu"":0,""encoder"":0}","{""accelerator"":8,""cpu"":8,""encoder"":8}",,,,,,,
2.25,vehicle,veh-1,veh-1:cpu,cpu,1,0,0,0,0.0,0.0,0,19.343477,,0,536870912,"{""accelerator"":0,""cpu"":0,""encoder"":0}","{""accelerator"":8,""cpu"":8,""encoder"":8}",,,,,,,
2.25,vehicle,veh-1,veh-1:encoder,encoder,1,0,0,0,0.0,0.0,0,19.343477,,0,536870912,"{""accelerator"":0,""cpu"":0,""encoder"":0}","{""accelerator"":8,""cpu"":8,""encoder"":8}",,,,,,,
2.25,vehicle,veh-2,veh-2:accelerator,accelerator,1,0,0,0,0.07600000000000004,0.033777777777777795,1,15.212312,,0,268435456,"{""accelerator"":0,""cpu"":0,""encoder"":0}","{""accelerator"":6,""cpu"":6,""encoder"":6}",,,,,,,
2.25,vehicle,veh-2,veh-2:cpu,cpu,1,0,0,0,0.0,0.0,0,15.212312,,0,268435456,"{""accelerator"":0,""cpu"":0,""encoder"":0}","{""accelerator"":6,""cpu"":6,""encoder"":6}",,,,,,,
2.25,vehicle,veh-2,veh-2:encoder,encoder,1,0,0,0,0.0,0.0,0,15.212312,,0,268435456,"{""accelerator"":0,""cpu"":0,""encoder"":0}","{""accelerator"":6,""cpu"":6,""encoder"":6}",,,,,,,
2.25,rsu,rsu-1,rsu-1:ingress,rsu_ingress_cpu,1,0,0,0,0.0,0.0,0,162.0,0.0,,,,,0,16,0,8589934592,0.0,30.0,False
2.25,rsu,rsu-1,rsu-1:gpu,rsu_gpu,2,0,0,0,0.0,0.0,0,162.0,0.0,,,,,0,16,0,8589934592,0.0,30.0,False
2.25,rsu,rsu-2,rsu-2:ingress,rsu_ingress_cpu,1,0,0,0,0.0,0.0,0,130.5,0.0,,,,,0,10,0,6442450944,0.0,18.0,False
2.25,rsu,rsu-2,rsu-2:gpu,rsu_gpu,1,0,0,0,0.0,0.0,0,130.5,0.0,,,,,0,10,0,6442450944,0.0,18.0,False
2.5,vehicle,veh-1,veh-1:accelerator,accelerator,1,0,0,0,0.11178000000000005,0.044712000000000016,1,21.343477,,0,536870912,"{""accelerator"":0,""cpu"":0,""encoder"":0}","{""accelerator"":8,""cpu"":8,""encoder"":8}",,,,,,,
2.5,vehicle,veh-1,veh-1:cpu,cpu,1,0,0,0,0.0,0.0,0,21.343477,,0,536870912,"{""accelerator"":0,""cpu"":0,""encoder"":0}","{""accelerator"":8,""cpu"":8,""encoder"":8}",,,,,,,
2.5,vehicle,veh-1,veh-1:encoder,encoder,1,0,0,0,0.0,0.0,0,21.343477,,0,536870912,"{""accelerator"":0,""cpu"":0,""encoder"":0}","{""accelerator"":8,""cpu"":8,""encoder"":8}",,,,,,,
2.5,vehicle,veh-2,veh-2:accelerator,accelerator,1,0,0,0,0.07600000000000004,0.030400000000000017,1,16.837312,,0,268435456,"{""accelerator"":0,""cpu"":0,""encoder"":0}","{""accelerator"":6,""cpu"":6,""encoder"":6}",,,,,,,
2.5,vehicle,veh-2,veh-2:cpu,cpu,1,0,0,0,0.0,0.0,0,16.837312,,0,268435456,"{""accelerator"":0,""cpu"":0,""encoder"":0}","{""accelerator"":6,""cpu"":6,""encoder"":6}",,,,,,,
2.5,vehicle,veh-2,veh-2:encoder,encoder,1,0,0,0,0.0,0.0,0,16.837312,,0,268435456,"{""accelerator"":0,""cpu"":0,""encoder"":0}","{""accelerator"":6,""cpu"":6,""encoder"":6}",,,,,,,
2.5,rsu,rsu-1,rsu-1:ingress,rsu_ingress_cpu,1,0,0,0,0.0,0.0,0,180.0,0.0,,,,,0,16,0,8589934592,0.0,30.0,False
2.5,rsu,rsu-1,rsu-1:gpu,rsu_gpu,2,0,0,0,0.0,0.0,0,180.0,0.0,,,,,0,16,0,8589934592,0.0,30.0,False
2.5,rsu,rsu-2,rsu-2:ingress,rsu_ingress_cpu,1,0,0,0,0.0,0.0,0,145.0,0.0,,,,,0,10,0,6442450944,0.0,18.0,False
2.5,rsu,rsu-2,rsu-2:gpu,rsu_gpu,1,0,0,0,0.0,0.0,0,145.0,0.0,,,,,0,10,0,6442450944,0.0,18.0,False
2.75,vehicle,veh-1,veh-1:accelerator,accelerator,1,0,0,0,0.11178000000000005,0.04064727272727275,1,23.343477,,0,536870912,"{""accelerator"":0,""cpu"":0,""encoder"":0}","{""accelerator"":8,""cpu"":8,""encoder"":8}",,,,,,,
2.75,vehicle,veh-1,veh-1:cpu,cpu,1,0,0,0,0.0,0.0,0,23.343477,,0,536870912,"{""accelerator"":0,""cpu"":0,""encoder"":0}","{""accelerator"":8,""cpu"":8,""encoder"":8}",,,,,,,
2.75,vehicle,veh-1,veh-1:encoder,encoder,1,0,0,0,0.0,0.0,0,23.343477,,0,536870912,"{""accelerator"":0,""cpu"":0,""encoder"":0}","{""accelerator"":8,""cpu"":8,""encoder"":8}",,,,,,,
2.75,vehicle,veh-2,veh-2:accelerator,accelerator,1,0,0,0,0.07600000000000004,0.02763636363636365,1,18.462312,,0,268435456,"{""accelerator"":0,""cpu"":0,""encoder"":0}","{""accelerator"":6,""cpu"":6,""encoder"":6}",,,,,,,
2.75,vehicle,veh-2,veh-2:cpu,cpu,1,0,0,0,0.0,0.0,0,18.462312,,0,268435456,"{""accelerator"":0,""cpu"":0,""encoder"":0}","{""accelerator"":6,""cpu"":6,""encoder"":6}",,,,,,,
2.75,vehicle,veh-2,veh-2:encoder,encoder,1,0,0,0,0.0,0.0,0,18.462312,,0,268435456,"{""accelerator"":0,""cpu"":0,""encoder"":0}","{""accelerator"":6,""cpu"":6,""encoder"":6}",,,,,,,
2.75,rsu,rsu-1,rsu-1:ingress,rsu_ingress_cpu,1,0,0,0,0.0,0.0,0,198.0,0.0,,,,,0,16,0,8589934592,0.0,30.0,False
2.75,rsu,rsu-1,rsu-1:gpu,rsu_gpu,2,0,0,0,0.0,0.0,0,198.0,0.0,,,,,0,16,0,8589934592,0.0,30.0,False
2.75,rsu,rsu-2,rsu-2:ingress,rsu_ingress_cpu,1,0,0,0,0.0,0.0,0,159.5,0.0,,,,,0,10,0,6442450944,0.0,18.0,False
2.75,rsu,rsu-2,rsu-2:gpu,rsu_gpu,1,0,0,0,0.0,0.0,0,159.5,0.0,,,,,0,10,0,6442450944,0.0,18.0,False
2.8,vehicle,veh-1,veh-1:accelerator,accelerator,1,0,1,0.02478,0.11178000000000005,0.039921428571428594,1,23.743477,,67108864,536870912,"{""accelerator"":1,""cpu"":0,""encoder"":0}","{""accelerator"":8,""cpu"":8,""encoder"":8}",,,,,,,
2.8,vehicle,veh-1,veh-1:cpu,cpu,1,0,0,0,0.0,0.0,0,23.743477,,67108864,536870912,"{""accelerator"":1,""cpu"":0,""encoder"":0}","{""accelerator"":8,""cpu"":8,""encoder"":8}",,,,,,,
2.8,vehicle,veh-1,veh-1:encoder,encoder,1,0,0,0,0.0,0.0,0,23.743477,,67108864,536870912,"{""accelerator"":1,""cpu"":0,""encoder"":0}","{""accelerator"":8,""cpu"":8,""encoder"":8}",,,,,,,
2.8,vehicle,veh-2,veh-2:accelerator,accelerator,1,0,0,0,0.07600000000000004,0.02714285714285716,1,18.787312,,0,268435456,"{""accelerator"":0,""cpu"":0,""encoder"":0}","{""accelerator"":6,""cpu"":6,""encoder"":6}",,,,,,,
2.8,vehicle,veh-2,veh-2:cpu,cpu,1,0,0,0,0.0,0.0,0,18.787312,,0,268435456,"{""accelerator"":0,""cpu"":0,""encoder"":0}","{""accelerator"":6,""cpu"":6,""encoder"":6}",,,,,,,
2.8,vehicle,veh-2,veh-2:encoder,encoder,1,0,0,0,0.0,0.0,0,18.787312,,0,268435456,"{""accelerator"":0,""cpu"":0,""encoder"":0}","{""accelerator"":6,""cpu"":6,""encoder"":6}",,,,,,,
2.8,rsu,rsu-1,rsu-1:ingress,rsu_ingress_cpu,1,0,0,0,0.0,0.0,0,201.6,0.0,,,,,0,16,0,8589934592,0.0,30.0,False
2.8,rsu,rsu-1,rsu-1:gpu,rsu_gpu,2,0,0,0,0.0,0.0,0,201.6,0.0,,,,,0,16,0,8589934592,0.0,30.0,False
2.8,rsu,rsu-2,rsu-2:ingress,rsu_ingress_cpu,1,0,0,0,0.0,0.0,0,162.39999999999998,0.0,,,,,0,10,0,6442450944,0.0,18.0,True
2.8,rsu,rsu-2,rsu-2:gpu,rsu_gpu,1,0,0,0,0.0,0.0,0,162.39999999999998,0.0,,,,,0,10,0,6442450944,0.0,18.0,True
2.836441176470588,vehicle,veh-1,veh-1:accelerator,accelerator,1,0,0,0,0.14822117647058836,0.052256037495204265,1,24.329442588235295,,268435456,536870912,"{""accelerator"":1,""cpu"":0,""encoder"":0}","{""accelerator"":8,""cpu"":8,""encoder"":8}",,,,,,,
2.836441176470588,vehicle,veh-1,veh-1:cpu,cpu,1,0,0,0,0.0,0.0,0,24.329442588235295,,268435456,536870912,"{""accelerator"":1,""cpu"":0,""encoder"":0}","{""accelerator"":8,""cpu"":8,""encoder"":8}",,,,,,,
2.836441176470588,vehicle,veh-1,veh-1:encoder,encoder,1,0,0,0,0.0,0.0,0,24.329442588235295,,268435456,536870912,"{""accelerator"":1,""cpu"":0,""encoder"":0}","{""accelerator"":8,""cpu"":8,""encoder"":8}",,,,,,,
2.836441176470588,vehicle,veh-2,veh-2:accelerator,accelerator,1,0,0,0,0.07600000000000004,0.02679413930049048,1,19.024179647058823,,0,268435456,"{""accelerator"":0,""cpu"":0,""encoder"":0}","{""accelerator"":6,""cpu"":6,""encoder"":6}",,,,,,,
2.836441176470588,vehicle,veh-2,veh-2:cpu,cpu,1,0,0,0,0.0,0.0,0,19.024179647058823,,0,268435456,"{""accelerator"":0,""cpu"":0,""encoder"":0}","{""accelerator"":6,""cpu"":6,""encoder"":6}",,,,,,,
2.836441176470588,vehicle,veh-2,veh-2:encoder,encoder,1,0,0,0,0.0,0.0,0,19.024179647058823,,0,268435456,"{""accelerator"":0,""cpu"":0,""encoder"":0}","{""accelerator"":6,""cpu"":6,""encoder"":6}",,,,,,,
2.836441176470588,rsu,rsu-1,rsu-1:ingress,rsu_ingress_cpu,1,0,0,0,0.0,0.0,0,204.22376470588236,0.0,,,,,0,16,0,8589934592,0.0,30.0,False
2.836441176470588,rsu,rsu-1,rsu-1:gpu,rsu_gpu,2,0,0,0,0.0,0.0,0,204.22376470588236,0.0,,,,,0,16,0,8589934592,0.0,30.0,False
2.836441176470588,rsu,rsu-2,rsu-2:ingress,rsu_ingress_cpu,1,0,0,0,0.0,0.0,0,164.5135882352941,0.0,,,,,0,10,0,6442450944,0.0,18.0,True
2.836441176470588,rsu,rsu-2,rsu-2:gpu,rsu_gpu,1,0,0,0,0.0,0.0,0,164.5135882352941,0.0,,,,,0,10,0,6442450944,0.0,18.0,True
2.837241176470588,vehicle,veh-1,veh-1:accelerator,accelerator,1,0,1,0.0363,0.14822117647058836,0.05224130317147358,1,24.335962588235294,,268435456,536870912,"{""accelerator"":1,""cpu"":0,""encoder"":0}","{""accelerator"":8,""cpu"":8,""encoder"":8}",,,,,,,
2.837241176470588,vehicle,veh-1,veh-1:cpu,cpu,1,0,0,0,0.0,0.0,0,24.335962588235294,,268435456,536870912,"{""accelerator"":1,""cpu"":0,""encoder"":0}","{""accelerator"":8,""cpu"":8,""encoder"":8}",,,,,,,
2.837241176470588,vehicle,veh-1,veh-1:encoder,encoder,1,0,0,0,0.0,0.0,0,24.335962588235294,,268435456,536870912,"{""accelerator"":1,""cpu"":0,""encoder"":0}","{""accelerator"":8,""cpu"":8,""encoder"":8}",,,,,,,
2.837241176470588,vehicle,veh-2,veh-2:accelerator,accelerator,1,0,0,0,0.07600000000000004,0.026786584316579293,1,19.02937964705882,,0,268435456,"{""accelerator"":0,""cpu"":0,""encoder"":0}","{""accelerator"":6,""cpu"":6,""encoder"":6}",,,,,,,
2.837241176470588,vehicle,veh-2,veh-2:cpu,cpu,1,0,0,0,0.0,0.0,0,19.02937964705882,,0,268435456,"{""accelerator"":0,""cpu"":0,""encoder"":0}","{""accelerator"":6,""cpu"":6,""encoder"":6}",,,,,,,
2.837241176470588,vehicle,veh-2,veh-2:encoder,encoder,1,0,0,0,0.0,0.0,0,19.02937964705882,,0,268435456,"{""accelerator"":0,""cpu"":0,""encoder"":0}","{""accelerator"":6,""cpu"":6,""encoder"":6}",,,,,,,
2.837241176470588,rsu,rsu-1,rsu-1:ingress,rsu_ingress_cpu,1,0,0,0,0.0,0.0,0,204.28136470588237,0.0,,,,,0,16,0,8589934592,0.0,30.0,False
2.837241176470588,rsu,rsu-1,rsu-1:gpu,rsu_gpu,2,0,0,0,0.0,0.0,0,204.28136470588237,0.0,,,,,0,16,0,8589934592,0.0,30.0,False
2.837241176470588,rsu,rsu-2,rsu-2:ingress,rsu_ingress_cpu,1,0,0,0,0.0,0.0,0,164.5599882352941,0.0,,,,,0,10,0,6442450944,0.0,18.0,True
2.837241176470588,rsu,rsu-2,rsu-2:gpu,rsu_gpu,1,0,0,0,0.0,0.0,0,164.5599882352941,0.0,,,,,0,10,0,6442450944,0.0,18.0,True
2.8906235294117644,vehicle,veh-1,veh-1:accelerator,accelerator,1,0,0,0,0.20160352941176468,0.0697439591702177,1,25.20662876470588,,0,536870912,"{""accelerator"":0,""cpu"":0,""encoder"":0}","{""accelerator"":8,""cpu"":8,""encoder"":8}",,,,,,,
2.8906235294117644,vehicle,veh-1,veh-1:cpu,cpu,1,0,0,0,0.0,0.0,0,25.20662876470588,,0,536870912,"{""accelerator"":0,""cpu"":0,""encoder"":0}","{""accelerator"":8,""cpu"":8,""encoder"":8}",,,,,,,
2.8906235294117644,vehicle,veh-1,veh-1:encoder,encoder,1,0,0,0,0.0,0.0,0,25.20662876470588,,0,536870912,"{""accelerator"":0,""cpu"":0,""encoder"":0}","{""accelerator"":8,""cpu"":8,""encoder"":8}",,,,,,,
2.8906235294117644,vehicle,veh-2,veh-2:accelerator,accelerator,1,0,0,0,0.07600000000000004,0.026291905267741965,1,19.37636494117647,,0,268435456,"{""accelerator"":0,""cpu"":0,""encoder"":0}","{""accelerator"":6,""cpu"":6,""encoder"":6}",,,,,,,
2.8906235294117644,vehicle,veh-2,veh-2:cpu,cpu,1,0,0,0,0.0,0.0,0,19.37636494117647,,0,268435456,"{""accelerator"":0,""cpu"":0,""encoder"":0}","{""accelerator"":6,""cpu"":6,""encoder"":6}",,,,,,,
2.8906235294117644,vehicle,veh-2,veh-2:encoder,encoder,1,0,0,0,0.0,0.0,0,19.37636494117647,,0,268435456,"{""accelerator"":0,""cpu"":0,""encoder"":0}","{""accelerator"":6,""cpu"":6,""encoder"":6}",,,,,,,
2.8906235294117644,rsu,rsu-1,rsu-1:ingress,rsu_ingress_cpu,1,0,0,0,0.0,0.0,0,208.12489411764707,0.0,,,,,0,16,0,8589934592,0.0,30.0,False
2.8906235294117644,rsu,rsu-1,rsu-1:gpu,rsu_gpu,2,0,0,0,0.0,0.0,0,208.12489411764707,0.0,,,,,0,16,0,8589934592,0.0,30.0,False
2.8906235294117644,rsu,rsu-2,rsu-2:ingress,rsu_ingress_cpu,1,0,0,0,0.0,0.0,0,167.65616470588233,0.0,,,,,0,10,0,6442450944,0.0,18.0,True
2.8906235294117644,rsu,rsu-2,rsu-2:gpu,rsu_gpu,1,0,0,0,0.0,0.0,0,167.65616470588233,0.0,,,,,0,10,0,6442450944,0.0,18.0,True
3.0,vehicle,veh-1,veh-1:accelerator,accelerator,1,0,0,0,0.20160352941176468,0.06720117647058822,1,26.081640529411764,,0,536870912,"{""accelerator"":0,""cpu"":0,""encoder"":0}","{""accelerator"":8,""cpu"":8,""encoder"":8}",,,,,,,
3.0,vehicle,veh-1,veh-1:cpu,cpu,1,0,0,0,0.0,0.0,0,26.081640529411764,,0,536870912,"{""accelerator"":0,""cpu"":0,""encoder"":0}","{""accelerator"":8,""cpu"":8,""encoder"":8}",,,,,,,
3.0,vehicle,veh-1,veh-1:encoder,encoder,1,0,0,0,0.0,0.0,0,26.081640529411764,,0,536870912,"{""accelerator"":0,""cpu"":0,""encoder"":0}","{""accelerator"":8,""cpu"":8,""encoder"":8}",,,,,,,
3.0,vehicle,veh-2,veh-2:accelerator,accelerator,1,0,0,0,0.07600000000000004,0.025333333333333347,1,20.087312,,0,268435456,"{""accelerator"":0,""cpu"":0,""encoder"":0}","{""accelerator"":6,""cpu"":6,""encoder"":6}",,,,,,,
3.0,vehicle,veh-2,veh-2:cpu,cpu,1,0,0,0,0.0,0.0,0,20.087312,,0,268435456,"{""accelerator"":0,""cpu"":0,""encoder"":0}","{""accelerator"":6,""cpu"":6,""encoder"":6}",,,,,,,
3.0,vehicle,veh-2,veh-2:encoder,encoder,1,0,0,0,0.0,0.0,0,20.087312,,0,268435456,"{""accelerator"":0,""cpu"":0,""encoder"":0}","{""accelerator"":6,""cpu"":6,""encoder"":6}",,,,,,,
3.0,rsu,rsu-1,rsu-1:ingress,rsu_ingress_cpu,1,0,0,0,0.0,0.0,0,216.00000000000003,0.0,,,,,0,16,0,8589934592,0.0,30.0,False
3.0,rsu,rsu-1,rsu-1:gpu,rsu_gpu,2,0,0,0,0.0,0.0,0,216.00000000000003,0.0,,,,,0,16,0,8589934592,0.0,30.0,False
3.0,rsu,rsu-2,rsu-2:ingress,rsu_ingress_cpu,1,0,0,0,0.0,0.0,0,174.0,0.0,,,,,0,10,0,6442450944,0.0,18.0,True
3.0,rsu,rsu-2,rsu-2:gpu,rsu_gpu,1,0,0,0,0.0,0.0,0,174.0,0.0,,,,,0,10,0,6442450944,0.0,18.0,True
3.05,vehicle,veh-1,veh-1:accelerator,accelerator,1,0,0,0,0.20160352941176468,0.06609951783992285,1,26.481640529411763,,0,536870912,"{""accelerator"":0,""cpu"":0,""encoder"":0}","{""accelerator"":8,""cpu"":8,""encoder"":8}",,,,,,,
3.05,vehicle,veh-1,veh-1:cpu,cpu,1,0,0,0,0.0,0.0,0,26.481640529411763,,0,536870912,"{""accelerator"":0,""cpu"":0,""encoder"":0}","{""accelerator"":8,""cpu"":8,""encoder"":8}",,,,,,,
3.05,vehicle,veh-1,veh-1:encoder,encoder,1,0,0,0,0.0,0.0,0,26.481640529411763,,0,536870912,"{""accelerator"":0,""cpu"":0,""encoder"":0}","{""accelerator"":8,""cpu"":8,""encoder"":8}",,,,,,,
3.05,vehicle,veh-2,veh-2:accelerator,accelerator,1,0,0,0,0.07600000000000004,0.02491803278688526,1,20.412312,,0,268435456,"{""accelerator"":0,""cpu"":0,""encoder"":0}","{""accelerator"":6,""cpu"":6,""encoder"":6}",,,,,,,
3.05,vehicle,veh-2,veh-2:cpu,cpu,1,0,0,0,0.0,0.0,0,20.412312,,0,268435456,"{""accelerator"":0,""cpu"":0,""encoder"":0}","{""accelerator"":6,""cpu"":6,""encoder"":6}",,,,,,,
3.05,vehicle,veh-2,veh-2:encoder,encoder,1,0,0,0,0.0,0.0,0,20.412312,,0,268435456,"{""accelerator"":0,""cpu"":0,""encoder"":0}","{""accelerator"":6,""cpu"":6,""encoder"":6}",,,,,,,
3.05,rsu,rsu-1,rsu-1:ingress,rsu_ingress_cpu,1,0,0,0,0.0,0.0,0,219.60000000000002,0.0,,,,,0,16,0,8589934592,0.0,30.0,False
3.05,rsu,rsu-1,rsu-1:gpu,rsu_gpu,2,0,0,0,0.0,0.0,0,219.60000000000002,0.0,,,,,0,16,0,8589934592,0.0,30.0,False
3.05,rsu,rsu-2,rsu-2:ingress,rsu_ingress_cpu,1,0,0,0,0.0,0.0,0,176.89999999999998,0.0,,,,,0,10,0,6442450944,0.0,18.0,False
3.05,rsu,rsu-2,rsu-2:gpu,rsu_gpu,1,0,0,0,0.0,0.0,0,176.89999999999998,0.0,,,,,0,10,0,6442450944,0.0,18.0,False
3.25,vehicle,veh-1,veh-1:accelerator,accelerator,1,0,0,0,0.20160352941176468,0.0620318552036199,1,28.081640529411764,,0,536870912,"{""accelerator"":0,""cpu"":0,""encoder"":0}","{""accelerator"":8,""cpu"":8,""encoder"":8}",,,,,,,
3.25,vehicle,veh-1,veh-1:cpu,cpu,1,0,0,0,0.0,0.0,0,28.081640529411764,,0,536870912,"{""accelerator"":0,""cpu"":0,""encoder"":0}","{""accelerator"":8,""cpu"":8,""encoder"":8}",,,,,,,
3.25,vehicle,veh-1,veh-1:encoder,encoder,1,0,0,0,0.0,0.0,0,28.081640529411764,,0,536870912,"{""accelerator"":0,""cpu"":0,""encoder"":0}","{""accelerator"":8,""cpu"":8,""encoder"":8}",,,,,,,
3.25,vehicle,veh-2,veh-2:accelerator,accelerator,1,0,0,0,0.07600000000000004,0.023384615384615396,1,21.712312,,0,268435456,"{""accelerator"":0,""cpu"":0,""encoder"":0}","{""accelerator"":6,""cpu"":6,""encoder"":6}",,,,,,,
3.25,vehicle,veh-2,veh-2:cpu,cpu,1,0,0,0,0.0,0.0,0,21.712312,,0,268435456,"{""accelerator"":0,""cpu"":0,""encoder"":0}","{""accelerator"":6,""cpu"":6,""encoder"":6}",,,,,,,
3.25,vehicle,veh-2,veh-2:encoder,encoder,1,0,0,0,0.0,0.0,0,21.712312,,0,268435456,"{""accelerator"":0,""cpu"":0,""encoder"":0}","{""accelerator"":6,""cpu"":6,""encoder"":6}",,,,,,,
3.25,rsu,rsu-1,rsu-1:ingress,rsu_ingress_cpu,1,0,0,0,0.0,0.0,0,234.00000000000003,0.0,,,,,0,16,0,8589934592,0.0,30.0,False
3.25,rsu,rsu-1,rsu-1:gpu,rsu_gpu,2,0,0,0,0.0,0.0,0,234.00000000000003,0.0,,,,,0,16,0,8589934592,0.0,30.0,False
3.25,rsu,rsu-2,rsu-2:ingress,rsu_ingress_cpu,1,0,0,0,0.0,0.0,0,188.5,0.0,,,,,0,10,0,6442450944,0.0,18.0,False
3.25,rsu,rsu-2,rsu-2:gpu,rsu_gpu,1,0,0,0,0.0,0.0,0,188.5,0.0,,,,,0,10,0,6442450944,0.0,18.0,False
3.48,vehicle,veh-1,veh-1:accelerator,accelerator,1,0,0,0,0.20160352941176468,0.05793204868154157,1,29.921640529411764,,0,536870912,"{""accelerator"":0,""cpu"":0,""encoder"":0}","{""accelerator"":8,""cpu"":8,""encoder"":8}",,,,,,,
3.48,vehicle,veh-1,veh-1:cpu,cpu,1,0,0,0,0.0,0.0,0,29.921640529411764,,0,536870912,"{""accelerator"":0,""cpu"":0,""encoder"":0}","{""accelerator"":8,""cpu"":8,""encoder"":8}",,,,,,,
3.48,vehicle,veh-1,veh-1:encoder,encoder,1,0,0,0,0.0,0.0,0,29.921640529411764,,0,536870912,"{""accelerator"":0,""cpu"":0,""encoder"":0}","{""accelerator"":8,""cpu"":8,""encoder"":8}",,,,,,,
3.48,vehicle,veh-2,veh-2:accelerator,accelerator,1,0,1,0.038,0.07600000000000004,0.021839080459770125,1,23.207312,,67108864,268435456,"{""accelerator"":1,""cpu"":0,""encoder"":0}","{""accelerator"":6,""cpu"":6,""encoder"":6}",,,,,,,
3.48,vehicle,veh-2,veh-2:cpu,cpu,1,0,0,0,0.0,0.0,0,23.207312,,67108864,268435456,"{""accelerator"":1,""cpu"":0,""encoder"":0}","{""accelerator"":6,""cpu"":6,""encoder"":6}",,,,,,,
3.48,vehicle,veh-2,veh-2:encoder,encoder,1,0,0,0,0.0,0.0,0,23.207312,,67108864,268435456,"{""accelerator"":1,""cpu"":0,""encoder"":0}","{""accelerator"":6,""cpu"":6,""encoder"":6}",,,,,,,
3.48,rsu,rsu-1,rsu-1:ingress,rsu_ingress_cpu,1,0,0,0,0.0,0.0,0,250.56000000000003,0.0,,,,,0,16,0,8589934592,0.0,30.0,False
3.48,rsu,rsu-1,rsu-1:gpu,rsu_gpu,2,0,0,0,0.0,0.0,0,250.56000000000003,0.0,,,,,0,16,0,8589934592,0.0,30.0,False
3.48,rsu,rsu-2,rsu-2:ingress,rsu_ingress_cpu,1,0,0,0,0.0,0.0,0,201.84,0.0,,,,,0,10,0,6442450944,0.0,18.0,False
3.48,rsu,rsu-2,rsu-2:gpu,rsu_gpu,1,0,0,0,0.0,0.0,0,201.84,0.0,,,,,0,10,0,6442450944,0.0,18.0,False
3.5,vehicle,veh-1,veh-1:accelerator,accelerator,1,0,0,0,0.20160352941176468,0.05760100840336134,1,30.081640529411764,,0,536870912,"{""accelerator"":0,""cpu"":0,""encoder"":0}","{""accelerator"":8,""cpu"":8,""encoder"":8}",,,,,,,
3.5,vehicle,veh-1,veh-1:cpu,cpu,1,0,0,0,0.0,0.0,0,30.081640529411764,,0,536870912,"{""accelerator"":0,""cpu"":0,""encoder"":0}","{""accelerator"":8,""cpu"":8,""encoder"":8}",,,,,,,
3.5,vehicle,veh-1,veh-1:encoder,encoder,1,0,0,0,0.0,0.0,0,30.081640529411764,,0,536870912,"{""accelerator"":0,""cpu"":0,""encoder"":0}","{""accelerator"":8,""cpu"":8,""encoder"":8}",,,,,,,
3.5,vehicle,veh-2,veh-2:accelerator,accelerator,1,0,1,0.024399999999999984,0.09600000000000006,0.027428571428571445,1,23.441712000000003,,67108864,268435456,"{""accelerator"":1,""cpu"":0,""encoder"":0}","{""accelerator"":6,""cpu"":6,""encoder"":6}",,,,,,,
3.5,vehicle,veh-2,veh-2:cpu,cpu,1,0,0,0,0.0,0.0,0,23.441712000000003,,67108864,268435456,"{""accelerator"":1,""cpu"":0,""encoder"":0}","{""accelerator"":6,""cpu"":6,""encoder"":6}",,,,,,,
3.5,vehicle,veh-2,veh-2:encoder,encoder,1,0,0,0,0.0,0.0,0,23.441712000000003,,67108864,268435456,"{""accelerator"":1,""cpu"":0,""encoder"":0}","{""accelerator"":6,""cpu"":6,""encoder"":6}",,,,,,,
3.5,rsu,rsu-1,rsu-1:ingress,rsu_ingress_cpu,1,0,0,0,0.0,0.0,0,252.00000000000003,0.0,,,,,0,16,0,8589934592,0.0,30.0,False
3.5,rsu,rsu-1,rsu-1:gpu,rsu_gpu,2,0,0,0,0.0,0.0,0,252.00000000000003,0.0,,,,,0,16,0,8589934592,0.0,30.0,False
3.5,rsu,rsu-2,rsu-2:ingress,rsu_ingress_cpu,1,0,0,0,0.0,0.0,0,203.0,0.0,,,,,0,10,0,6442450944,0.0,18.0,False
3.5,rsu,rsu-2,rsu-2:gpu,rsu_gpu,1,0,0,0,0.0,0.0,0,203.0,0.0,,,,,0,10,0,6442450944,0.0,18.0,False
3.5358823529411763,vehicle,veh-1,veh-1:accelerator,accelerator,1,0,0,0,0.20160352941176468,0.057016469805356844,1,30.368699352941174,,0,536870912,"{""accelerator"":0,""cpu"":0,""encoder"":0}","{""accelerator"":8,""cpu"":8,""encoder"":8}",,,,,,,
3.5358823529411763,vehicle,veh-1,veh-1:cpu,cpu,1,0,0,0,0.0,0.0,0,30.368699352941174,,0,536870912,"{""accelerator"":0,""cpu"":0,""encoder"":0}","{""accelerator"":8,""cpu"":8,""encoder"":8}",,,,,,,
3.5358823529411763,vehicle,veh-1,veh-1:encoder,encoder,1,0,0,0,0.0,0.0,0,30.368699352941174,,0,536870912,"{""accelerator"":0,""cpu"":0,""encoder"":0}","{""accelerator"":8,""cpu"":8,""encoder"":8}",,,,,,,
3.5358823529411763,vehicle,veh-2,veh-2:accelerator,accelerator,1,0,0,0,0.1318823529411763,0.03729828647479617,1,23.86625317647059,,67108864,268435456,"{""accelerator"":0,""cpu"":0,""encoder"":0}","{""accelerator"":6,""cpu"":6,""encoder"":6}",,,,,,,
3.5358823529411763,vehicle,veh-2,veh-2:cpu,cpu,1,0,0,0,0.0,0.0,0,23.86625317647059,,67108864,268435456,"{""accelerator"":0,""cpu"":0,""encoder"":0}","{""accelerator"":6,""cpu"":6,""encoder"":6}",,,,,,,
3.5358823529411763,vehicle,veh-2,veh-2:encoder,encoder,1,0,0,0,0.0,0.0,0,23.86625317647059,,67108864,268435456,"{""accelerator"":0,""cpu"":0,""encoder"":0}","{""accelerator"":6,""cpu"":6,""encoder"":6}",,,,,,,
3.5358823529411763,rsu,rsu-1,rsu-1:ingress,rsu_ingress_cpu,1,0,0,0,0.0,0.0,0,254.58352941176472,0.0,,,,,0,16,0,8589934592,0.0,30.0,False
3.5358823529411763,rsu,rsu-1,rsu-1:gpu,rsu_gpu,2,0,0,0,0.0,0.0,0,254.58352941176472,0.0,,,,,0,16,0,8589934592,0.0,30.0,False
3.5358823529411763,rsu,rsu-2,rsu-2:ingress,rsu_ingress_cpu,1,0,0,0,0.0,0.0,0,205.08117647058822,0.0,,,,,0,10,0,6442450944,0.0,18.0,False
3.5358823529411763,rsu,rsu-2,rsu-2:gpu,rsu_gpu,1,0,0,0,0.0,0.0,0,205.08117647058822,0.0,,,,,0,10,0,6442450944,0.0,18.0,False
3.536682352941176,vehicle,veh-1,veh-1:accelerator,accelerator,1,0,0,0,0.20160352941176468,0.05700357264036086,1,30.375099352941174,,0,536870912,"{""accelerator"":0,""cpu"":0,""encoder"":0}","{""accelerator"":8,""cpu"":8,""encoder"":8}",,,,,,,
3.536682352941176,vehicle,veh-1,veh-1:cpu,cpu,1,0,0,0,0.0,0.0,0,30.375099352941174,,0,536870912,"{""accelerator"":0,""cpu"":0,""encoder"":0}","{""accelerator"":8,""cpu"":8,""encoder"":8}",,,,,,,
3.536682352941176,vehicle,veh-1,veh-1:encoder,encoder,1,0,0,0,0.0,0.0,0,30.375099352941174,,0,536870912,"{""accelerator"":0,""cpu"":0,""encoder"":0}","{""accelerator"":8,""cpu"":8,""encoder"":8}",,,,,,,
3.536682352941176,vehicle,veh-2,veh-2:accelerator,accelerator,1,0,0,0,0.1318823529411763,0.037289849576538955,1,23.871549176470587,,0,268435456,"{""accelerator"":0,""cpu"":0,""encoder"":0}","{""accelerator"":6,""cpu"":6,""encoder"":6}",,,,,,,
3.536682352941176,vehicle,veh-2,veh-2:cpu,cpu,1,0,0,0,0.0,0.0,0,23.871549176470587,,0,268435456,"{""accelerator"":0,""cpu"":0,""encoder"":0}","{""accelerator"":6,""cpu"":6,""encoder"":6}",,,,,,,
3.536682352941176,vehicle,veh-2,veh-2:encoder,encoder,1,0,0,0,0.0,0.0,0,23.871549176470587,,0,268435456,"{""accelerator"":0,""cpu"":0,""encoder"":0}","{""accelerator"":6,""cpu"":6,""encoder"":6}",,,,,,,
3.536682352941176,rsu,rsu-1,rsu-1:ingress,rsu_ingress_cpu,1,0,0,0,0.0,0.0,0,254.64112941176472,0.0,,,,,0,16,0,8589934592,0.0,30.0,False
3.536682352941176,rsu,rsu-1,rsu-1:gpu,rsu_gpu,2,0,0,0,0.0,0.0,0,254.64112941176472,0.0,,,,,0,16,0,8589934592,0.0,30.0,False
3.536682352941176,rsu,rsu-2,rsu-2:ingress,rsu_ingress_cpu,1,0,0,0,0.0,0.0,0,205.12757647058822,0.0,,,,,0,10,0,6442450944,0.0,18.0,False
3.536682352941176,rsu,rsu-2,rsu-2:gpu,rsu_gpu,1,0,0,0,0.0,0.0,0,205.12757647058822,0.0,,,,,0,10,0,6442450944,0.0,18.0,False
3.75,vehicle,veh-1,veh-1:accelerator,accelerator,1,0,0,0,0.20160352941176468,0.05376094117647058,1,32.081640529411764,,0,536870912,"{""accelerator"":0,""cpu"":0,""encoder"":0}","{""accelerator"":8,""cpu"":8,""encoder"":8}",,,,,,,
3.75,vehicle,veh-1,veh-1:cpu,cpu,1,0,0,0,0.0,0.0,0,32.081640529411764,,0,536870912,"{""accelerator"":0,""cpu"":0,""encoder"":0}","{""accelerator"":8,""cpu"":8,""encoder"":8}",,,,,,,
3.75,vehicle,veh-1,veh-1:encoder,encoder,1,0,0,0,0.0,0.0,0,32.081640529411764,,0,536870912,"{""accelerator"":0,""cpu"":0,""encoder"":0}","{""accelerator"":8,""cpu"":8,""encoder"":8}",,,,,,,
3.75,vehicle,veh-2,veh-2:accelerator,accelerator,1,0,0,0,0.1318823529411763,0.03516862745098035,1,25.25811388235294,,0,268435456,"{""accelerator"":0,""cpu"":0,""encoder"":0}","{""accelerator"":6,""cpu"":6,""encoder"":6}",,,,,,,
3.75,vehicle,veh-2,veh-2:cpu,cpu,1,0,0,0,0.0,0.0,0,25.25811388235294,,0,268435456,"{""accelerator"":0,""cpu"":0,""encoder"":0}","{""accelerator"":6,""cpu"":6,""encoder"":6}",,,,,,,
3.75,vehicle,veh-2,veh-2:encoder,encoder,1,0,0,0,0.0,0.0,0,25.25811388235294,,0,268435456,"{""accelerator"":0,""cpu"":0,""encoder"":0}","{""accelerator"":6,""cpu"":6,""encoder"":6}",,,,,,,
3.75,rsu,rsu-1,rsu-1:ingress,rsu_ingress_cpu,1,0,0,0,0.0,0.0,0,270.00000000000006,0.0,,,,,0,16,0,8589934592,0.0,30.0,False
3.75,rsu,rsu-1,rsu-1:gpu,rsu_gpu,2,0,0,0,0.0,0.0,0,270.00000000000006,0.0,,,,,0,16,0,8589934592,0.0,30.0,False
3.75,rsu,rsu-2,rsu-2:ingress,rsu_ingress_cpu,1,0,0,0,0.0,0.0,0,217.5,0.0,,,,,0,10,0,6442450944,0.0,18.0,False
3.75,rsu,rsu-2,rsu-2:gpu,rsu_gpu,1,0,0,0,0.0,0.0,0,217.5,0.0,,,,,0,10,0,6442450944,0.0,18.0,False
4.0,vehicle,veh-1,veh-1:accelerator,accelerator,1,0,0,0,0.20160352941176468,0.05040088235294117,1,34.081640529411764,,0,536870912,"{""accelerator"":0,""cpu"":0,""encoder"":0}","{""accelerator"":8,""cpu"":8,""encoder"":8}",,,,,,,
4.0,vehicle,veh-1,veh-1:cpu,cpu,1,0,0,0,0.0,0.0,0,34.081640529411764,,0,536870912,"{""accelerator"":0,""cpu"":0,""encoder"":0}","{""accelerator"":8,""cpu"":8,""encoder"":8}",,,,,,,
4.0,vehicle,veh-1,veh-1:encoder,encoder,1,0,0,0,0.0,0.0,0,34.081640529411764,,0,536870912,"{""accelerator"":0,""cpu"":0,""encoder"":0}","{""accelerator"":8,""cpu"":8,""encoder"":8}",,,,,,,
4.0,vehicle,veh-2,veh-2:accelerator,accelerator,1,0,0,0,0.1318823529411763,0.03297058823529408,1,26.88311388235294,,0,268435456,"{""accelerator"":0,""cpu"":0,""encoder"":0}","{""accelerator"":6,""cpu"":6,""encoder"":6}",,,,,,,
4.0,vehicle,veh-2,veh-2:cpu,cpu,1,0,0,0,0.0,0.0,0,26.88311388235294,,0,268435456,"{""accelerator"":0,""cpu"":0,""encoder"":0}","{""accelerator"":6,""cpu"":6,""encoder"":6}",,,,,,,
4.0,vehicle,veh-2,veh-2:encoder,encoder,1,0,0,0,0.0,0.0,0,26.88311388235294,,0,268435456,"{""accelerator"":0,""cpu"":0,""encoder"":0}","{""accelerator"":6,""cpu"":6,""encoder"":6}",,,,,,,
4.0,rsu,rsu-1,rsu-1:ingress,rsu_ingress_cpu,1,0,0,0,0.0,0.0,0,288.00000000000006,0.0,,,,,0,16,0,8589934592,0.0,30.0,False
4.0,rsu,rsu-1,rsu-1:gpu,rsu_gpu,2,0,0,0,0.0,0.0,0,288.00000000000006,0.0,,,,,0,16,0,8589934592,0.0,30.0,False
4.0,rsu,rsu-2,rsu-2:ingress,rsu_ingress_cpu,1,0,0,0,0.0,0.0,0,232.0,0.0,,,,,0,10,0,6442450944,0.0,18.0,False
4.0,rsu,rsu-2,rsu-2:gpu,rsu_gpu,1,0,0,0,0.0,0.0,0,232.0,0.0,,,,,0,10,0,6442450944,0.0,18.0,False
4.25,vehicle,veh-1,veh-1:accelerator,accelerator,1,0,0,0,0.20160352941176468,0.04743612456747404,1,36.081640529411764,,0,536870912,"{""accelerator"":0,""cpu"":0,""encoder"":0}","{""accelerator"":8,""cpu"":8,""encoder"":8}",,,,,,,
4.25,vehicle,veh-1,veh-1:cpu,cpu,1,0,0,0,0.0,0.0,0,36.081640529411764,,0,536870912,"{""accelerator"":0,""cpu"":0,""encoder"":0}","{""accelerator"":8,""cpu"":8,""encoder"":8}",,,,,,,
4.25,vehicle,veh-1,veh-1:encoder,encoder,1,0,0,0,0.0,0.0,0,36.081640529411764,,0,536870912,"{""accelerator"":0,""cpu"":0,""encoder"":0}","{""accelerator"":8,""cpu"":8,""encoder"":8}",,,,,,,
4.25,vehicle,veh-2,veh-2:accelerator,accelerator,1,0,0,0,0.1318823529411763,0.031031141868512073,1,28.50811388235294,,0,268435456,"{""accelerator"":0,""cpu"":0,""encoder"":0}","{""accelerator"":6,""cpu"":6,""encoder"":6}",,,,,,,
4.25,vehicle,veh-2,veh-2:cpu,cpu,1,0,0,0,0.0,0.0,0,28.50811388235294,,0,268435456,"{""accelerator"":0,""cpu"":0,""encoder"":0}","{""accelerator"":6,""cpu"":6,""encoder"":6}",,,,,,,
4.25,vehicle,veh-2,veh-2:encoder,encoder,1,0,0,0,0.0,0.0,0,28.50811388235294,,0,268435456,"{""accelerator"":0,""cpu"":0,""encoder"":0}","{""accelerator"":6,""cpu"":6,""encoder"":6}",,,,,,,
4.25,rsu,rsu-1,rsu-1:ingress,rsu_ingress_cpu,1,0,0,0,0.0,0.0,0,306.00000000000006,0.0,,,,,0,16,0,8589934592,0.0,30.0,False
4.25,rsu,rsu-1,rsu-1:gpu,rsu_gpu,2,0,0,0,0.0,0.0,0,306.00000000000006,0.0,,,,,0,16,0,8589934592,0.0,30.0,False
4.25,rsu,rsu-2,rsu-2:ingress,rsu_ingress_cpu,1,0,0,0,0.0,0.0,0,246.5,0.0,,,,,0,10,0,6442450944,0.0,18.0,False
4.25,rsu,rsu-2,rsu-2:gpu,rsu_gpu,1,0,0,0,0.0,0.0,0,246.5,0.0,,,,,0,10,0,6442450944,0.0,18.0,False
4.5,vehicle,veh-1,veh-1:accelerator,accelerator,1,0,0,0,0.20160352941176468,0.044800784313725486,1,38.081640529411764,,0,536870912,"{""accelerator"":0,""cpu"":0,""encoder"":0}","{""accelerator"":8,""cpu"":8,""encoder"":8}",,,,,,,
4.5,vehicle,veh-1,veh-1:cpu,cpu,1,0,0,0,0.0,0.0,0,38.081640529411764,,0,536870912,"{""accelerator"":0,""cpu"":0,""encoder"":0}","{""accelerator"":8,""cpu"":8,""encoder"":8}",,,,,,,
4.5,vehicle,veh-1,veh-1:encoder,encoder,1,0,0,0,0.0,0.0,0,38.081640529411764,,0,536870912,"{""accelerator"":0,""cpu"":0,""encoder"":0}","{""accelerator"":8,""cpu"":8,""encoder"":8}",,,,,,,
4.5,vehicle,veh-2,veh-2:accelerator,accelerator,1,0,0,0,0.1318823529411763,0.029307189542483625,1,30.13311388235294,,0,268435456,"{""accelerator"":0,""cpu"":0,""encoder"":0}","{""accelerator"":6,""cpu"":6,""encoder"":6}",,,,,,,
4.5,vehicle,veh-2,veh-2:cpu,cpu,1,0,0,0,0.0,0.0,0,30.13311388235294,,0,268435456,"{""accelerator"":0,""cpu"":0,""encoder"":0}","{""accelerator"":6,""cpu"":6,""encoder"":6}",,,,,,,
4.5,vehicle,veh-2,veh-2:encoder,encoder,1,0,0,0,0.0,0.0,0,30.13311388235294,,0,268435456,"{""accelerator"":0,""cpu"":0,""encoder"":0}","{""accelerator"":6,""cpu"":6,""encoder"":6}",,,,,,,
4.5,rsu,rsu-1,rsu-1:ingress,rsu_ingress_cpu,1,0,0,0,0.0,0.0,0,324.00000000000006,0.0,,,,,0,16,0,8589934592,0.0,30.0,False
4.5,rsu,rsu-1,rsu-1:gpu,rsu_gpu,2,0,0,0,0.0,0.0,0,324.00000000000006,0.0,,,,,0,16,0,8589934592,0.0,30.0,False
4.5,rsu,rsu-2,rsu-2:ingress,rsu_ingress_cpu,1,0,0,0,0.0,0.0,0,261.0,0.0,,,,,0,10,0,6442450944,0.0,18.0,False
4.5,rsu,rsu-2,rsu-2:gpu,rsu_gpu,1,0,0,0,0.0,0.0,0,261.0,0.0,,,,,0,10,0,6442450944,0.0,18.0,False
4.75,vehicle,veh-1,veh-1:accelerator,accelerator,1,0,0,0,0.20160352941176468,0.04244284829721362,1,40.081640529411764,,0,536870912,"{""accelerator"":0,""cpu"":0,""encoder"":0}","{""accelerator"":8,""cpu"":8,""encoder"":8}",,,,,,,
4.75,vehicle,veh-1,veh-1:cpu,cpu,1,0,0,0,0.0,0.0,0,40.081640529411764,,0,536870912,"{""accelerator"":0,""cpu"":0,""encoder"":0}","{""accelerator"":8,""cpu"":8,""encoder"":8}",,,,,,,
4.75,vehicle,veh-1,veh-1:encoder,encoder,1,0,0,0,0.0,0.0,0,40.081640529411764,,0,536870912,"{""accelerator"":0,""cpu"":0,""encoder"":0}","{""accelerator"":8,""cpu"":8,""encoder"":8}",,,,,,,
4.75,vehicle,veh-2,veh-2:accelerator,accelerator,1,0,0,0,0.1318823529411763,0.027764705882352907,1,31.75811388235294,,0,268435456,"{""accelerator"":0,""cpu"":0,""encoder"":0}","{""accelerator"":6,""cpu"":6,""encoder"":6}",,,,,,,
4.75,vehicle,veh-2,veh-2:cpu,cpu,1,0,0,0,0.0,0.0,0,31.75811388235294,,0,268435456,"{""accelerator"":0,""cpu"":0,""encoder"":0}","{""accelerator"":6,""cpu"":6,""encoder"":6}",,,,,,,
4.75,vehicle,veh-2,veh-2:encoder,encoder,1,0,0,0,0.0,0.0,0,31.75811388235294,,0,268435456,"{""accelerator"":0,""cpu"":0,""encoder"":0}","{""accelerator"":6,""cpu"":6,""encoder"":6}",,,,,,,
4.75,rsu,rsu-1,rsu-1:ingress,rsu_ingress_cpu,1,0,0,0,0.0,0.0,0,342.00000000000006,0.0,,,,,0,16,0,8589934592,0.0,30.0,False
4.75,rsu,rsu-1,rsu-1:gpu,rsu_gpu,2,0,0,0,0.0,0.0,0,342.00000000000006,0.0,,,,,0,16,0,8589934592,0.0,30.0,False
4.75,rsu,rsu-2,rsu-2:ingress,rsu_ingress_cpu,1,0,0,0,0.0,0.0,0,275.5,0.0,,,,,0,10,0,6442450944,0.0,18.0,False
4.75,rsu,rsu-2,rsu-2:gpu,rsu_gpu,1,0,0,0,0.0,0.0,0,275.5,0.0,,,,,0,10,0,6442450944,0.0,18.0,False
4.95,vehicle,veh-1,veh-1:accelerator,accelerator,1,0,1,0.021,0.20160352941176468,0.040727985739750436,1,41.681640529411766,,67108864,536870912,"{""accelerator"":1,""cpu"":0,""encoder"":0}","{""accelerator"":8,""cpu"":8,""encoder"":8}",,,,,,,
4.95,vehicle,veh-1,veh-1:cpu,cpu,1,0,0,0,0.0,0.0,0,41.681640529411766,,67108864,536870912,"{""accelerator"":1,""cpu"":0,""encoder"":0}","{""accelerator"":8,""cpu"":8,""encoder"":8}",,,,,,,
4.95,vehicle,veh-1,veh-1:encoder,encoder,1,0,0,0,0.0,0.0,0,41.681640529411766,,67108864,536870912,"{""accelerator"":1,""cpu"":0,""encoder"":0}","{""accelerator"":8,""cpu"":8,""encoder"":8}",,,,,,,
4.95,vehicle,veh-2,veh-2:accelerator,accelerator,1,0,0,0,0.1318823529411763,0.02664289958407602,1,33.05811388235294,,0,268435456,"{""accelerator"":0,""cpu"":0,""encoder"":0}","{""accelerator"":6,""cpu"":6,""encoder"":6}",,,,,,,
4.95,vehicle,veh-2,veh-2:cpu,cpu,1,0,0,0,0.0,0.0,0,33.05811388235294,,0,268435456,"{""accelerator"":0,""cpu"":0,""encoder"":0}","{""accelerator"":6,""cpu"":6,""encoder"":6}",,,,,,,
4.95,vehicle,veh-2,veh-2:encoder,encoder,1,0,0,0,0.0,0.0,0,33.05811388235294,,0,268435456,"{""accelerator"":0,""cpu"":0,""encoder"":0}","{""accelerator"":6,""cpu"":6,""encoder"":6}",,,,,,,
4.95,rsu,rsu-1,rsu-1:ingress,rsu_ingress_cpu,1,0,0,0,0.0,0.0,0,356.4000000000001,0.0,,,,,0,16,0,8589934592,0.0,30.0,False
4.95,rsu,rsu-1,rsu-1:gpu,rsu_gpu,2,0,0,0,0.0,0.0,0,356.4000000000001,0.0,,,,,0,16,0,8589934592,0.0,30.0,False
4.95,rsu,rsu-2,rsu-2:ingress,rsu_ingress_cpu,1,0,0,0,0.0,0.0,0,287.1,0.0,,,,,0,10,0,6442450944,0.0,18.0,False
4.95,rsu,rsu-2,rsu-2:gpu,rsu_gpu,1,0,0,0,0.0,0.0,0,287.1,0.0,,,,,0,10,0,6442450944,0.0,18.0,False
4.971,vehicle,veh-1,veh-1:accelerator,accelerator,1,0,0,0,0.2226035294117646,0.044780432390216174,1,42.094290529411765,,0,536870912,"{""accelerator"":0,""cpu"":0,""encoder"":0}","{""accelerator"":8,""cpu"":8,""encoder"":8}",,,,,,,
4.971,vehicle,veh-1,veh-1:cpu,cpu,1,0,0,0,0.0,0.0,0,42.094290529411765,,0,536870912,"{""accelerator"":0,""cpu"":0,""encoder"":0}","{""accelerator"":8,""cpu"":8,""encoder"":8}",,,,,,,
4.971,vehicle,veh-1,veh-1:encoder,encoder,1,0,0,0,0.0,0.0,0,42.094290529411765,,0,536870912,"{""accelerator"":0,""cpu"":0,""encoder"":0}","{""accelerator"":8,""cpu"":8,""encoder"":8}",,,,,,,
4.971,vehicle,veh-2,veh-2:accelerator,accelerator,1,0,0,0,0.1318823529411763,0.0265303465985066,1,33.19461388235294,,0,268435456,"{""accelerator"":0,""cpu"":0,""encoder"":0}","{""accelerator"":6,""cpu"":6,""encoder"":6}",,,,,,,
4.971,vehicle,veh-2,veh-2:cpu,cpu,1,0,0,0,0.0,0.0,0,33.19461388235294,,0,268435456,"{""accelerator"":0,""cpu"":0,""encoder"":0}","{""accelerator"":6,""cpu"":6,""encoder"":6}",,,,,,,
4.971,vehicle,veh-2,veh-2:encoder,encoder,1,0,0,0,0.0,0.0,0,33.19461388235294,,0,268435456,"{""accelerator"":0,""cpu"":0,""encoder"":0}","{""accelerator"":6,""cpu"":6,""encoder"":6}",,,,,,,
4.971,rsu,rsu-1,rsu-1:ingress,rsu_ingress_cpu,1,0,0,0,0.0,0.0,0,357.9120000000001,0.0,,,,,0,16,0,8589934592,0.0,30.0,False
4.971,rsu,rsu-1,rsu-1:gpu,rsu_gpu,2,0,0,0,0.0,0.0,0,357.9120000000001,0.0,,,,,0,16,0,8589934592,0.0,30.0,False
4.971,rsu,rsu-2,rsu-2:ingress,rsu_ingress_cpu,1,0,0,0,0.0,0.0,0,288.31800000000004,0.0,,,,,0,10,0,6442450944,0.0,18.0,False
4.971,rsu,rsu-2,rsu-2:gpu,rsu_gpu,1,0,0,0,0.0,0.0,0,288.31800000000004,0.0,,,,,0,10,0,6442450944,0.0,18.0,False
5.0,vehicle,veh-1,veh-1:accelerator,accelerator,1,0,0,0,0.2226035294117646,0.04452070588235292,1,42.326290529411764,,0,536870912,"{""accelerator"":0,""cpu"":0,""encoder"":0}","{""accelerator"":8,""cpu"":8,""encoder"":8}",,,,,,,
5.0,vehicle,veh-1,veh-1:cpu,cpu,1,0,0,0,0.0,0.0,0,42.326290529411764,,0,536870912,"{""accelerator"":0,""cpu"":0,""encoder"":0}","{""accelerator"":8,""cpu"":8,""encoder"":8}",,,,,,,
5.0,vehicle,veh-1,veh-1:encoder,encoder,1,0,0,0,0.0,0.0,0,42.326290529411764,,0,536870912,"{""accelerator"":0,""cpu"":0,""encoder"":0}","{""accelerator"":8,""cpu"":8,""encoder"":8}",,,,,,,
5.0,vehicle,veh-2,veh-2:accelerator,accelerator,1,0,0,0,0.1318823529411763,0.02637647058823526,1,33.38311388235294,,0,268435456,"{""accelerator"":0,""cpu"":0,""encoder"":0}","{""accelerator"":6,""cpu"":6,""encoder"":6}",,,,,,,
5.0,vehicle,veh-2,veh-2:cpu,cpu,1,0,0,0,0.0,0.0,0,33.38311388235294,,0,268435456,"{""accelerator"":0,""cpu"":0,""encoder"":0}","{""accelerator"":6,""cpu"":6,""encoder"":6}",,,,,,,
5.0,vehicle,veh-2,veh-2:encoder,encoder,1,0,0,0,0.0,0.0,0,33.38311388235294,,0,268435456,"{""accelerator"":0,""cpu"":0,""encoder"":0}","{""accelerator"":6,""cpu"":6,""encoder"":6}",,,,,,,
5.0,rsu,rsu-1,rsu-1:ingress,rsu_ingress_cpu,1,0,0,0,0.0,0.0,0,360.0000000000001,0.0,,,,,0,16,0,8589934592,0.0,30.0,False
5.0,rsu,rsu-1,rsu-1:gpu,rsu_gpu,2,0,0,0,0.0,0.0,0,360.0000000000001,0.0,,,,,0,16,0,8589934592,0.0,30.0,False
5.0,rsu,rsu-2,rsu-2:ingress,rsu_ingress_cpu,1,0,0,0,0.0,0.0,0,290.00000000000006,0.0,,,,,0,10,0,6442450944,0.0,18.0,False
5.0,rsu,rsu-2,rsu-2:gpu,rsu_gpu,1,0,0,0,0.0,0.0,0,290.00000000000006,0.0,,,,,0,10,0,6442450944,0.0,18.0,False
5.25,vehicle,veh-1,veh-1:accelerator,accelerator,1,0,0,0,0.2226035294117646,0.04240067226890754,1,44.326290529411764,,0,536870912,"{""accelerator"":0,""cpu"":0,""encoder"":0}","{""accelerator"":8,""cpu"":8,""encoder"":8}",,,,,,,
5.25,vehicle,veh-1,veh-1:cpu,cpu,1,0,0,0,0.0,0.0,0,44.326290529411764,,0,536870912,"{""accelerator"":0,""cpu"":0,""encoder"":0}","{""accelerator"":8,""cpu"":8,""encoder"":8}",,,,,,,
5.25,vehicle,veh-1,veh-1:encoder,encoder,1,0,0,0,0.0,0.0,0,44.326290529411764,,0,536870912,"{""accelerator"":0,""cpu"":0,""encoder"":0}","{""accelerator"":8,""cpu"":8,""encoder"":8}",,,,,,,
5.25,vehicle,veh-2,veh-2:accelerator,accelerator,1,0,0,0,0.1318823529411763,0.025120448179271677,1,35.00811388235294,,0,268435456,"{""accelerator"":0,""cpu"":0,""encoder"":0}","{""accelerator"":6,""cpu"":6,""encoder"":6}",,,,,,,
5.25,vehicle,veh-2,veh-2:cpu,cpu,1,0,0,0,0.0,0.0,0,35.00811388235294,,0,268435456,"{""accelerator"":0,""cpu"":0,""encoder"":0}","{""accelerator"":6,""cpu"":6,""encoder"":6}",,,,,,,
5.25,vehicle,veh-2,veh-2:encoder,encoder,1,0,0,0,0.0,0.0,0,35.00811388235294,,0,268435456,"{""accelerator"":0,""cpu"":0,""encoder"":0}","{""accelerator"":6,""cpu"":6,""encoder"":6}",,,,,,,
5.25,rsu,rsu-1,rsu-1:ingress,rsu_ingress_cpu,1,0,0,0,0.0,0.0,0,378.0000000000001,0.0,,,,,0,16,0,8589934592,0.0,30.0,False
5.25,rsu,rsu-1,rsu-1:gpu,rsu_gpu,2,0,1,0.18,0.0,0.0,1,378.0000000000001,0.0,,,,,0,16,0,8589934592,0.0,30.0,False
5.25,rsu,rsu-2,rsu-2:ingress,rsu_ingress_cpu,1,0,0,0,0.0,0.0,0,304.50000000000006,0.0,,,,,0,10,0,6442450944,0.0,18.0,False
5.25,rsu,rsu-2,rsu-2:gpu,rsu_gpu,1,0,0,0,0.0,0.0,0,304.50000000000006,0.0,,,,,0,10,0,6442450944,0.0,18.0,False
5.43,vehicle,veh-1,veh-1:accelerator,accelerator,1,0,0,0,0.2226035294117646,0.040995125121871936,1,45.76629052941176,,0,536870912,"{""accelerator"":0,""cpu"":0,""encoder"":0}","{""accelerator"":8,""cpu"":8,""encoder"":8}",,,,,,,
5.43,vehicle,veh-1,veh-1:cpu,cpu,1,0,0,0,0.0,0.0,0,45.76629052941176,,0,536870912,"{""accelerator"":0,""cpu"":0,""encoder"":0}","{""accelerator"":8,""cpu"":8,""encoder"":8}",,,,,,,
5.43,vehicle,veh-1,veh-1:encoder,encoder,1,0,0,0,0.0,0.0,0,45.76629052941176,,0,536870912,"{""accelerator"":0,""cpu"":0,""encoder"":0}","{""accelerator"":8,""cpu"":8,""encoder"":8}",,,,,,,
5.43,vehicle,veh-2,veh-2:accelerator,accelerator,1,0,0,0,0.1318823529411763,0.0242877261401798,1,36.17811388235293,,0,268435456,"{""accelerator"":0,""cpu"":0,""encoder"":0}","{""accelerator"":6,""cpu"":6,""encoder"":6}",,,,,,,
5.43,vehicle,veh-2,veh-2:cpu,cpu,1,0,0,0,0.0,0.0,0,36.17811388235293,,0,268435456,"{""accelerator"":0,""cpu"":0,""encoder"":0}","{""accelerator"":6,""cpu"":6,""encoder"":6}",,,,,,,
5.43,vehicle,veh-2,veh-2:encoder,encoder,1,0,0,0,0.0,0.0,0,36.17811388235293,,0,268435456,"{""accelerator"":0,""cpu"":0,""encoder"":0}","{""accelerator"":6,""cpu"":6,""encoder"":6}",,,,,,,
5.43,rsu,rsu-1,rsu-1:ingress,rsu_ingress_cpu,1,0,0,0,0.0,0.0,0,403.56000000000006,12.59999999999998,,,,,0,16,0,8589934592,0.0,30.0,False
5.43,rsu,rsu-1,rsu-1:gpu,rsu_gpu,2,0,0,0,0.17999999999999972,0.01657458563535909,1,403.56000000000006,12.59999999999998,,,,,0,16,0,8589934592,0.0,30.0,False
5.43,rsu,rsu-2,rsu-2:ingress,rsu_ingress_cpu,1,0,0,0,0.0,0.0,0,314.94000000000005,0.0,,,,,0,10,0,6442450944,0.0,18.0,False
5.43,rsu,rsu-2,rsu-2:gpu,rsu_gpu,1,0,0,0,0.0,0.0,0,314.94000000000005,0.0,,,,,0,10,0,6442450944,0.0,18.0,False
5.5,vehicle,veh-1,veh-1:accelerator,accelerator,1,0,0,0,0.2226035294117646,0.040473368983957196,1,46.326290529411764,,0,536870912,"{""accelerator"":0,""cpu"":0,""encoder"":0}","{""accelerator"":8,""cpu"":8,""encoder"":8}",,,,,,,
5.5,vehicle,veh-1,veh-1:cpu,cpu,1,0,0,0,0.0,0.0,0,46.326290529411764,,0,536870912,"{""accelerator"":0,""cpu"":0,""encoder"":0}","{""accelerator"":8,""cpu"":8,""encoder"":8}",,,,,,,
5.5,vehicle,veh-1,veh-1:encoder,encoder,1,0,0,0,0.0,0.0,0,46.326290529411764,,0,536870912,"{""accelerator"":0,""cpu"":0,""encoder"":0}","{""accelerator"":8,""cpu"":8,""encoder"":8}",,,,,,,
5.5,vehicle,veh-2,veh-2:accelerator,accelerator,1,0,0,0,0.1318823529411763,0.02397860962566842,1,36.63311388235293,,0,268435456,"{""accelerator"":0,""cpu"":0,""encoder"":0}","{""accelerator"":6,""cpu"":6,""encoder"":6}",,,,,,,
5.5,vehicle,veh-2,veh-2:cpu,cpu,1,0,0,0,0.0,0.0,0,36.63311388235293,,0,268435456,"{""accelerator"":0,""cpu"":0,""encoder"":0}","{""accelerator"":6,""cpu"":6,""encoder"":6}",,,,,,,
5.5,vehicle,veh-2,veh-2:encoder,encoder,1,0,0,0,0.0,0.0,0,36.63311388235293,,0,268435456,"{""accelerator"":0,""cpu"":0,""encoder"":0}","{""accelerator"":6,""cpu"":6,""encoder"":6}",,,,,,,
5.5,rsu,rsu-1,rsu-1:ingress,rsu_ingress_cpu,1,0,0,0,0.0,0.0,0,408.6000000000001,12.59999999999998,,,,,0,16,0,8589934592,0.0,30.0,False
5.5,rsu,rsu-1,rsu-1:gpu,rsu_gpu,2,0,0,0,0.17999999999999972,0.016363636363636337,1,408.6000000000001,12.59999999999998,,,,,0,16,0,8589934592,0.0,30.0,False
5.5,rsu,rsu-2,rsu-2:ingress,rsu_ingress_cpu,1,0,0,0,0.0,0.0,0,319.00000000000006,0.0,,,,,0,10,0,6442450944,0.0,18.0,False
5.5,rsu,rsu-2,rsu-2:gpu,rsu_gpu,1,0,0,0,0.0,0.0,0,319.00000000000006,0.0,,,,,0,10,0,6442450944,0.0,18.0,False
5.75,vehicle,veh-1,veh-1:accelerator,accelerator,1,0,0,0,0.2226035294117646,0.038713657289002536,1,48.326290529411764,,0,536870912,"{""accelerator"":0,""cpu"":0,""encoder"":0}","{""accelerator"":8,""cpu"":8,""encoder"":8}",,,,,,,
5.75,vehicle,veh-1,veh-1:cpu,cpu,1,0,0,0,0.0,0.0,0,48.326290529411764,,0,536870912,"{""accelerator"":0,""cpu"":0,""encoder"":0}","{""accelerator"":8,""cpu"":8,""encoder"":8}",,,,,,,
5.75,vehicle,veh-1,veh-1:encoder,encoder,1,0,0,0,0.0,0.0,0,48.326290529411764,,0,536870912,"{""accelerator"":0,""cpu"":0,""encoder"":0}","{""accelerator"":8,""cpu"":8,""encoder"":8}",,,,,,,
5.75,vehicle,veh-2,veh-2:accelerator,accelerator,1,0,0,0,0.1318823529411763,0.02293606138107414,1,38.25811388235293,,0,268435456,"{""accelerator"":0,""cpu"":0,""encoder"":0}","{""accelerator"":6,""cpu"":6,""encoder"":6}",,,,,,,
5.75,vehicle,veh-2,veh-2:cpu,cpu,1,0,0,0,0.0,0.0,0,38.25811388235293,,0,268435456,"{""accelerator"":0,""cpu"":0,""encoder"":0}","{""accelerator"":6,""cpu"":6,""encoder"":6}",,,,,,,
5.75,vehicle,veh-2,veh-2:encoder,encoder,1,0,0,0,0.0,0.0,0,38.25811388235293,,0,268435456,"{""accelerator"":0,""cpu"":0,""encoder"":0}","{""accelerator"":6,""cpu"":6,""encoder"":6}",,,,,,,
5.75,rsu,rsu-1,rsu-1:ingress,rsu_ingress_cpu,1,0,0,0,0.0,0.0,0,426.6000000000001,12.59999999999998,,,,,0,16,0,8589934592,0.0,30.0,False
5.75,rsu,rsu-1,rsu-1:gpu,rsu_gpu,2,0,0,0,0.17999999999999972,0.015652173913043455,1,426.6000000000001,12.59999999999998,,,,,0,16,0,8589934592,0.0,30.0,False
5.75,rsu,rsu-2,rsu-2:ingress,rsu_ingress_cpu,1,0,0,0,0.0,0.0,0,333.50000000000006,0.0,,,,,0,10,0,6442450944,0.0,18.0,False
5.75,rsu,rsu-2,rsu-2:gpu,rsu_gpu,1,0,0,0,0.0,0.0,0,333.50000000000006,0.0,,,,,0,10,0,6442450944,0.0,18.0,False
5.82,vehicle,veh-1,veh-1:accelerator,accelerator,1,0,0,0,0.2226035294117646,0.038248029108550616,1,48.88629052941177,,0,536870912,"{""accelerator"":0,""cpu"":0,""encoder"":0}","{""accelerator"":8,""cpu"":8,""encoder"":8}",,,,,,,
5.82,vehicle,veh-1,veh-1:cpu,cpu,1,0,0,0,0.0,0.0,0,48.88629052941177,,0,536870912,"{""accelerator"":0,""cpu"":0,""encoder"":0}","{""accelerator"":8,""cpu"":8,""encoder"":8}",,,,,,,
5.82,vehicle,veh-1,veh-1:encoder,encoder,1,0,0,0,0.0,0.0,0,48.88629052941177,,0,536870912,"{""accelerator"":0,""cpu"":0,""encoder"":0}","{""accelerator"":8,""cpu"":8,""encoder"":8}",,,,,,,
5.82,vehicle,veh-2,veh-2:accelerator,accelerator,1,0,1,0.04484,0.1318823529411763,0.02266019809985847,1,38.71311388235293,,67108864,268435456,"{""accelerator"":1,""cpu"":0,""encoder"":0}","{""accelerator"":6,""cpu"":6,""encoder"":6}",,,,,,,
5.82,vehicle,veh-2,veh-2:cpu,cpu,1,0,0,0,0.0,0.0,0,38.71311388235293,,67108864,268435456,"{""accelerator"":1,""cpu"":0,""encoder"":0}","{""accelerator"":6,""cpu"":6,""encoder"":6}",,,,,,,
5.82,vehicle,veh-2,veh-2:encoder,encoder,1,0,0,0,0.0,0.0,0,38.71311388235293,,67108864,268435456,"{""accelerator"":1,""cpu"":0,""encoder"":0}","{""accelerator"":6,""cpu"":6,""encoder"":6}",,,,,,,
5.82,rsu,rsu-1,rsu-1:ingress,rsu_ingress_cpu,1,0,0,0,0.0,0.0,0,431.6400000000001,12.59999999999998,,,,,0,16,0,8589934592,0.0,30.0,False
5.82,rsu,rsu-1,rsu-1:gpu,rsu_gpu,2,0,0,0,0.17999999999999972,0.01546391752577317,1,431.6400000000001,12.59999999999998,,,,,0,16,0,8589934592,0.0,30.0,False
5.82,rsu,rsu-2,rsu-2:ingress,rsu_ingress_cpu,1,0,0,0,0.0,0.0,0,337.56000000000006,0.0,,,,,0,10,0,6442450944,0.0,18.0,False
5.82,rsu,rsu-2,rsu-2:gpu,rsu_gpu,1,0,0,0,0.0,0.0,0,337.56000000000006,0.0,,,,,0,10,0,6442450944,0.0,18.0,False
5.86484,vehicle,veh-1,veh-1:accelerator,accelerator,1,0,0,0,0.2226035294117646,0.037955601416537296,1,49.245010529411765,,0,536870912,"{""accelerator"":0,""cpu"":0,""encoder"":0}","{""accelerator"":8,""cpu"":8,""encoder"":8}",,,,,,,
5.86484,vehicle,veh-1,veh-1:cpu,cpu,1,0,0,0,0.0,0.0,0,49.245010529411765,,0,536870912,"{""accelerator"":0,""cpu"":0,""encoder"":0}","{""accelerator"":8,""cpu"":8,""encoder"":8}",,,,,,,
5.86484,vehicle,veh-1,veh-1:encoder,encoder,1,0,0,0,0.0,0.0,0,49.245010529411765,,0,536870912,"{""accelerator"":0,""cpu"":0,""encoder"":0}","{""accelerator"":8,""cpu"":8,""encoder"":8}",,,,,,,
5.86484,vehicle,veh-2,veh-2:accelerator,accelerator,1,0,0,0,0.17672235294117608,0.03013251051029117,1,39.350254682352926,,67108864,268435456,"{""accelerator"":0,""cpu"":0,""encoder"":0}","{""accelerator"":6,""cpu"":6,""encoder"":6}",,,,,,,
5.86484,vehicle,veh-2,veh-2:cpu,cpu,1,0,0,0,0.0,0.0,0,39.350254682352926,,67108864,268435456,"{""accelerator"":0,""cpu"":0,""encoder"":0}","{""accelerator"":6,""cpu"":6,""encoder"":6}",,,,,,,
5.86484,vehicle,veh-2,veh-2:encoder,encoder,1,0,0,0,0.0,0.0,0,39.350254682352926,,67108864,268435456,"{""accelerator"":0,""cpu"":0,""encoder"":0}","{""accelerator"":6,""cpu"":6,""encoder"":6}",,,,,,,
5.86484,rsu,rsu-1,rsu-1:ingress,rsu_ingress_cpu,1,0,0,0,0.0,0.0,0,434.8684800000001,12.59999999999998,,,,,0,16,0,8589934592,0.0,30.0,False
5.86484,rsu,rsu-1,rsu-1:gpu,rsu_gpu,2,0,0,0,0.17999999999999972,0.01534568717987189,1,434.8684800000001,12.59999999999998,,,,,0,16,0,8589934592,0.0,30.0,False
5.86484,rsu,rsu-2,rsu-2:ingress,rsu_ingress_cpu,1,0,0,0,0.0,0.0,0,340.16072,0.0,,,,,0,10,0,6442450944,0.0,18.0,False
5.86484,rsu,rsu-2,rsu-2:gpu,rsu_gpu,1,0,0,0,0.0,0.0,0,340.16072,0.0,,,,,0,10,0,6442450944,0.0,18.0,False
5.86564,vehicle,veh-1,veh-1:accelerator,accelerator,1,0,0,0,0.2226035294117646,0.03795042474679056,1,49.251410529411764,,0,536870912,"{""accelerator"":0,""cpu"":0,""encoder"":0}","{""accelerator"":8,""cpu"":8,""encoder"":8}",,,,,,,
5.86564,vehicle,veh-1,veh-1:cpu,cpu,1,0,0,0,0.0,0.0,0,49.251410529411764,,0,536870912,"{""accelerator"":0,""cpu"":0,""encoder"":0}","{""accelerator"":8,""cpu"":8,""encoder"":8}",,,,,,,
5.86564,vehicle,veh-1,veh-1:encoder,encoder,1,0,0,0,0.0,0.0,0,49.251410529411764,,0,536870912,"{""accelerator"":0,""cpu"":0,""encoder"":0}","{""accelerator"":8,""cpu"":8,""encoder"":8}",,,,,,,
5.86564,vehicle,veh-2,veh-2:accelerator,accelerator,1,0,0,0,0.17672235294117608,0.03012840081238809,1,39.35555068235293,,0,268435456,"{""accelerator"":0,""cpu"":0,""encoder"":0}","{""accelerator"":6,""cpu"":6,""encoder"":6}",,,,,,,
5.86564,vehicle,veh-2,veh-2:cpu,cpu,1,0,0,0,0.0,0.0,0,39.35555068235293,,0,268435456,"{""accelerator"":0,""cpu"":0,""encoder"":0}","{""accelerator"":6,""cpu"":6,""encoder"":6}",,,,,,,
5.86564,vehicle,veh-2,veh-2:encoder,encoder,1,0,0,0,0.0,0.0,0,39.35555068235293,,0,268435456,"{""accelerator"":0,""cpu"":0,""encoder"":0}","{""accelerator"":6,""cpu"":6,""encoder"":6}",,,,,,,
5.86564,rsu,rsu-1,rsu-1:ingress,rsu_ingress_cpu,1,0,0,0,0.0,0.0,0,434.92608000000007,12.59999999999998,,,,,0,16,0,8589934592,0.0,30.0,False
5.86564,rsu,rsu-1,rsu-1:gpu,rsu_gpu,2,0,0,0,0.17999999999999972,0.015343594219897548,1,434.92608000000007,12.59999999999998,,,,,0,16,0,8589934592,0.0,30.0,False
5.86564,rsu,rsu-2,rsu-2:ingress,rsu_ingress_cpu,1,0,0,0,0.0,0.0,0,340.20712000000003,0.0,,,,,0,10,0,6442450944,0.0,18.0,False
5.86564,rsu,rsu-2,rsu-2:gpu,rsu_gpu,1,0,0,0,0.0,0.0,0,340.20712000000003,0.0,,,,,0,10,0,6442450944,0.0,18.0,False
