time_s,queue_family,owner_id,value
0.25,vehicle_power,veh-1,0.0
0.25,vehicle_power,veh-2,0.0
0.25,rsu_power,rsu-1,0.0
0.25,rsu_power,rsu-2,0.0
0.25,timeout,,0.0
0.25,failure,,0.0
0.25,coverage,,0.0
0.29,vehicle_power,veh-1,0.0
0.29,vehicle_power,veh-2,0.0
0.29,rsu_power,rsu-1,0.0
0.29,rsu_power,rsu-2,0.0
0.29,timeout,,0.0
0.29,failure,,0.0
0.29,coverage,,0.0
0.5,vehicle_power,veh-1,0.0
0.5,vehicle_power,veh-2,0.0
0.5,rsu_power,rsu-1,0.0
0.5,rsu_power,rsu-2,0.0
0.5,timeout,,0.0
0.5,failure,,0.0
0.5,coverage,,0.0
0.54,vehicle_power,veh-1,0.0
0.54,vehicle_power,veh-2,0.0
0.54,rsu_power,rsu-1,0.0
0.54,rsu_power,rsu-2,0.0
0.54,timeout,,0.0
0.54,failure,,0.0
0.54,coverage,,0.0
0.75,vehicle_power,veh-1,0.0
0.75,vehicle_power,veh-2,0.0
0.75,rsu_power,rsu-1,0.0
0.75,rsu_power,rsu-2,0.0
0.75,timeout,,0.0
0.75,failure,,0.0
0.75,coverage,,0.0
0.767908942,vehicle_power,veh-1,0.0
0.767908942,vehicle_power,veh-2,0.0
0.767908942,rsu_power,rsu-1,0.0
0.767908942,rsu_power,rsu-2,0.0
0.767908942,timeout,,0.0
0.767908942,failure,,0.0
0.767908942,coverage,,0.75
0.79,vehicle_power,veh-1,0.0
0.79,vehicle_power,veh-2,0.0
0.79,rsu_power,rsu-1,0.0
0.79,rsu_power,rsu-2,0.0
0.79,timeout,,0.0
0.79,failure,,0.0
0.79,coverage,,0.75
0.79193002,vehicle_power,veh-1,0.0
0.79193002,vehicle_power,veh-2,0.0
0.79193002,rsu_power,rsu-1,0.0
0.79193002,rsu_power,rsu-2,0.0
0.79193002,timeout,,0.0
0.79193002,failure,,0.0
0.79193002,coverage,,0.75
0.79273002,vehicle_power,veh-1,0.0
0.79273002,vehicle_power,veh-2,0.0
0.79273002,rsu_power,rsu-1,0.0
0.79273002,rsu_power,rsu-2,0.0
0.79273002,timeout,,0.0
0.79273002,failure,,0.0
0.79273002,coverage,,0.75
0.812198506,vehicle_power,veh-1,0.0
0.812198506,vehicle_power,veh-2,0.0
0.812198506,rsu_power,rsu-1,0.0
0.812198506,rsu_power,rsu-2,0.0
0.812198506,timeout,,0.0
0.812198506,failure,,0.0
0.812198506,coverage,,0.75
0.8196985059999999,vehicle_power,veh-1,0.0
0.8196985059999999,vehicle_power,veh-2,0.0
0.8196985059999999,rsu_power,rsu-1,0.0
0.8196985059999999,rsu_power,rsu-2,0.0
0.8196985059999999,timeout,,0.0
0.8196985059999999,failure,,0.0
0.8196985059999999,coverage,,0.75
0.8467380689999999,vehicle_power,veh-1,0.0
0.8467380689999999,vehicle_power,veh-2,0.0
0.8467380689999999,rsu_power,rsu-1,0.0
0.8467380689999999,rsu_power,rsu-2,0.0
0.8467380689999999,timeout,,0.0
0.8467380689999999,failure,,0.0
0.8467380689999999,coverage,,0.75
0.8542380689999999,vehicle_power,veh-1,0.0
0.8542380689999999,vehicle_power,veh-2,0.0
0.8542380689999999,rsu_power,rsu-1,0.0
0.8542380689999999,rsu_power,rsu-2,0.0
0.8542380689999999,timeout,,0.0
0.8542380689999999,failure,,0.0
0.8542380689999999,coverage,,0.75
0.8615727889999999,vehicle_power,veh-1,0.0
0.8615727889999999,vehicle_power,veh-2,0.0
0.8615727889999999,rsu_power,rsu-1,0.0
0.8615727889999999,rsu_power,rsu-2,0.0
0.8615727889999999,timeout,,0.0
0.8615727889999999,failure,,0.0
0.8615727889999999,coverage,,0.75
0.8623727889999999,vehicle_power,veh-1,0.0
0.8623727889999999,vehicle_power,veh-2,0.0
0.8623727889999999,rsu_power,rsu-1,0.0
0.8623727889999999,rsu_power,rsu-2,0.0
0.8623727889999999,timeout,,0.0
0.8623727889999999,failure,,0.0
0.8623727889999999,coverage,,0.75
0.896372789,vehicle_power,veh-1,0.0
0.896372789,vehicle_power,veh-2,0.0
0.896372789,rsu_power,rsu-1,0.0
0.896372789,rsu_power,rsu-2,0.0
0.896372789,timeout,,0.0
0.896372789,failure,,0.0
0.896372789,coverage,,0.0
1.0,vehicle_power,veh-1,0.0
1.0,vehicle_power,veh-2,0.0
1.0,rsu_power,rsu-1,0.0
1.0,rsu_power,rsu-2,0.0
1.0,timeout,,0.0
1.0,failure,,0.0
1.0,coverage,,0.0
1.04,vehicle_power,veh-1,0.0
1.04,vehicle_power,veh-2,0.0
1.04,rsu_power,rsu-1,0.0
1.04,rsu_power,rsu-2,0.0
1.04,timeout,,0.0
1.04,failure,,0.0
1.04,coverage,,0.0
1.2,vehicle_power,veh-1,0.0
1.2,vehicle_power,veh-2,0.0
1.2,rsu_power,rsu-1,0.0
1.2,rsu_power,rsu-2,0.0
1.2,timeout,,0.0
1.2,failure,,0.0
1.2,coverage,,0.0
1.25,vehicle_power,veh-1,0.0
1.25,vehicle_power,veh-2,0.0
1.25,rsu_power,rsu-1,0.0
1.25,rsu_power,rsu-2,0.0
1.25,timeout,,0.0
1.25,failure,,0.0
1.25,coverage,,0.0
1.29,vehicle_power,veh-1,0.0
1.29,vehicle_power,veh-2,0.0
1.29,rsu_power,rsu-1,0.0
1.29,rsu_power,rsu-2,0.0
1.29,timeout,,0.0
1.29,failure,,0.0
1.29,coverage,,0.0
1.5,vehicle_power,veh-1,0.0
1.5,vehicle_power,veh-2,0.0
1.5,rsu_power,rsu-1,0.0
1.5,rsu_power,rsu-2,0.0
1.5,timeout,,0.0
1.5,failure,,0.0
1.5,coverage,,0.0
1.54,vehicle_power,veh-1,0.0
1.54,vehicle_power,veh-2,0.0
1.54,rsu_power,rsu-1,0.0
1.54,rsu_power,rsu-2,0.0
1.54,timeout,,0.0
1.54,failure,,0.0
1.54,coverage,,0.0
1.565615551,vehicle_power,veh-1,0.0
1.565615551,vehicle_power,veh-2,0.0
1.565615551,rsu_power,rsu-1,0.0
1.565615551,rsu_power,rsu-2,0.0
1.565615551,timeout,,0.0
1.565615551,failure,,0.0
1.565615551,coverage,,0.75
1.60819837,vehicle_power,veh-1,0.0
1.60819837,vehicle_power,veh-2,0.0
1.60819837,rsu_power,rsu-1,0.0
1.60819837,rsu_power,rsu-2,0.0
1.60819837,timeout,,0.0
1.60819837,failure,,0.0
1.60819837,coverage,,0.75
1.60899837,vehicle_power,veh-1,0.0
1.60899837,vehicle_power,veh-2,0.0
1.60899837,rsu_power,rsu-1,0.0
1.60899837,rsu_power,rsu-2,0.0
1.60899837,timeout,,0.0
1.60899837,failure,,0.0
1.60899837,coverage,,0.75
1.644382037,vehicle_power,veh-1,0.0
1.644382037,vehicle_power,veh-2,0.0
1.644382037,rsu_power,rsu-1,0.0
1.644382037,rsu_power,rsu-2,0.0
1.644382037,timeout,,0.0
1.644382037,failure,,0.0
1.644382037,coverage,,0.75
1.651882037,vehicle_power,veh-1,0.0
1.651882037,vehicle_power,veh-2,0.0
1.651882037,rsu_power,rsu-1,0.0
1.651882037,rsu_power,rsu-2,0.0
1.651882037,timeout,,0.0
1.651882037,failure,,0.0
1.651882037,coverage,,0.75
1.659136757,vehicle_power,veh-1,0.0
1.659136757,vehicle_power,veh-2,0.0
1.659136757,rsu_power,rsu-1,0.0
1.659136757,rsu_power,rsu-2,0.0
1.659136757,timeout,,0.0
1.659136757,failure,,0.0
1.659136757,coverage,,0.75
1.6599367569999999,vehicle_power,veh-1,0.0
1.6599367569999999,vehicle_power,veh-2,0.0
1.6599367569999999,rsu_power,rsu-1,0.0
1.6599367569999999,rsu_power,rsu-2,0.0
1.6599367569999999,timeout,,0.0
1.6599367569999999,failure,,0.0
1.6599367569999999,coverage,,0.75
1.728136757,vehicle_power,veh-1,0.0
1.728136757,vehicle_power,veh-2,0.0
1.728136757,rsu_power,rsu-1,0.0
1.728136757,rsu_power,rsu-2,0.0
1.728136757,timeout,,0.0
1.728136757,failure,,0.0
1.728136757,coverage,,0.0
1.75,vehicle_power,veh-1,0.0
1.75,vehicle_power,veh-2,0.0
1.75,rsu_power,rsu-1,0.0
1.75,rsu_power,rsu-2,0.0
1.75,timeout,,0.0
1.75,failure,,0.0
1.75,coverage,,0.0
2.0,vehicle_power,veh-1,0.0
2.0,vehicle_power,veh-2,0.0
2.0,rsu_power,rsu-1,0.0
2.0,rsu_power,rsu-2,0.0
2.0,timeout,,0.0
2.0,failure,,0.0
2.0,coverage,,0.0
2.04,vehicle_power,veh-1,0.0
2.04,vehicle_power,veh-2,0.0
2.04,rsu_power,rsu-1,0.0
2.04,rsu_power,rsu-2,0.0
2.04,timeout,,0.0
2.04,failure,,0.0
2.04,coverage,,0.0
2.25,vehicle_power,veh-1,0.0
2.25,vehicle_power,veh-2,0.0
2.25,rsu_power,rsu-1,0.0
2.25,rsu_power,rsu-2,0.0
2.25,timeout,,0.0
2.25,failure,,0.0
2.25,coverage,,0.0
2.29,vehicle_power,veh-1,0.0
2.29,vehicle_power,veh-2,0.0
2.29,rsu_power,rsu-1,0.0
2.29,rsu_power,rsu-2,0.0
2.29,timeout,,0.0
2.29,failure,,0.0
2.29,coverage,,0.0
2.370898977,vehicle_power,veh-1,0.0
2.370898977,vehicle_power,veh-2,0.0
2.370898977,rsu_power,rsu-1,0.0
2.370898977,rsu_power,rsu-2,0.0
2.370898977,timeout,,0.0
2.370898977,failure,,0.0
2.370898977,coverage,,0.75
2.394007326,vehicle_power,veh-1,0.0
2.394007326,vehicle_power,veh-2,0.0
2.394007326,rsu_power,rsu-1,0.0
2.394007326,rsu_power,rsu-2,0.0
2.394007326,timeout,,0.0
2.394007326,failure,,0.0
2.394007326,coverage,,0.75
2.394807326,vehicle_power,veh-1,0.0
2.394807326,vehicle_power,veh-2,0.0
2.394807326,rsu_power,rsu-1,0.0
2.394807326,rsu_power,rsu-2,0.0
2.394807326,timeout,,0.0
2.394807326,failure,,0.0
2.394807326,coverage,,0.75
2.4,vehicle_power,veh-1,0.0
2.4,vehicle_power,veh-2,0.0
2.4,rsu_power,rsu-1,0.0
2.4,rsu_power,rsu-2,0.0
2.4,timeout,,0.0
2.4,failure,,0.0
2.4,coverage,,0.75
2.419461382,vehicle_power,veh-1,0.0
2.419461382,vehicle_power,veh-2,0.0
2.419461382,rsu_power,rsu-1,0.0
2.419461382,rsu_power,rsu-2,0.0
2.419461382,timeout,,0.0
2.419461382,failure,,0.0
2.419461382,coverage,,0.75
2.426961382,vehicle_power,veh-1,0.0
2.426961382,vehicle_power,veh-2,0.0
2.426961382,rsu_power,rsu-1,0.0
2.426961382,rsu_power,rsu-2,0.0
2.426961382,timeout,,0.0
2.426961382,failure,,0.0
2.426961382,coverage,,0.75
2.434173322,vehicle_power,veh-1,0.0
2.434173322,vehicle_power,veh-2,0.0
2.434173322,rsu_power,rsu-1,0.0
2.434173322,rsu_power,rsu-2,0.0
2.434173322,timeout,,0.0
2.434173322,failure,,0.0
2.434173322,coverage,,0.75
2.434973322,vehicle_power,veh-1,0.0
2.434973322,vehicle_power,veh-2,0.0
2.434973322,rsu_power,rsu-1,0.0
2.434973322,rsu_power,rsu-2,0.0
2.434973322,timeout,,0.0
2.434973322,failure,,0.0
2.434973322,coverage,,0.75
2.4723733219999997,vehicle_power,veh-1,0.0
2.4723733219999997,vehicle_power,veh-2,0.0
2.4723733219999997,rsu_power,rsu-1,0.0
2.4723733219999997,rsu_power,rsu-2,0.0
2.4723733219999997,timeout,,0.0
2.4723733219999997,failure,,0.0
2.4723733219999997,coverage,,0.0
2.5,vehicle_power,veh-1,0.0
2.5,vehicle_power,veh-2,0.0
2.5,rsu_power,rsu-1,0.0
2.5,rsu_power,rsu-2,0.0
2.5,timeout,,0.0
2.5,failure,,0.0
2.5,coverage,,0.0
2.54,vehicle_power,veh-1,0.0
2.54,vehicle_power,veh-2,0.0
2.54,rsu_power,rsu-1,0.0
2.54,rsu_power,rsu-2,0.0
2.54,timeout,,0.0
2.54,failure,,0.0
2.54,coverage,,0.0
2.75,vehicle_power,veh-1,0.0
2.75,vehicle_power,veh-2,0.0
2.75,rsu_power,rsu-1,0.0
2.75,rsu_power,rsu-2,0.0
2.75,timeout,,0.0
2.75,failure,,0.0
2.75,coverage,,0.0
2.79,vehicle_power,veh-1,0.0
2.79,vehicle_power,veh-2,0.0
2.79,rsu_power,rsu-1,0.0
2.79,rsu_power,rsu-2,0.0
2.79,timeout,,0.0
2.79,failure,,0.0
2.79,coverage,,0.0
3.0,vehicle_power,veh-1,0.0
3.0,vehicle_power,veh-2,0.0
3.0,rsu_power,rsu-1,0.0
3.0,rsu_power,rsu-2,0.0
3.0,timeout,,0.0
3.0,failure,,0.0
3.0,coverage,,0.0
3.04,vehicle_power,veh-1,0.0
3.04,vehicle_power,veh-2,0.0
3.04,rsu_power,rsu-1,0.0
3.04,rsu_power,rsu-2,0.0
3.04,timeout,,0.0
3.04,failure,,0.0
3.04,coverage,,0.0
3.238554465,vehicle_power,veh-1,0.0
3.238554465,vehicle_power,veh-2,0.0
3.238554465,rsu_power,rsu-1,0.0
3.238554465,rsu_power,rsu-2,0.0
3.238554465,timeout,,0.0
3.238554465,failure,,0.0
3.238554465,coverage,,0.75
3.25,vehicle_power,veh-1,0.0
3.25,vehicle_power,veh-2,0.0
3.25,rsu_power,rsu-1,0.0
3.25,rsu_power,rsu-2,0.0
3.25,timeout,,0.0
3.25,failure,,0.0
3.25,coverage,,0.75
3.281137284,vehicle_power,veh-1,0.0
3.281137284,vehicle_power,veh-2,0.0
3.281137284,rsu_power,rsu-1,0.0
3.281137284,rsu_power,rsu-2,0.0
3.281137284,timeout,,0.0
3.281137284,failure,,0.0
3.281137284,coverage,,0.75
3.281937284,vehicle_power,veh-1,0.0
3.281937284,vehicle_power,veh-2,0.0
3.281937284,rsu_power,rsu-1,0.0
3.281937284,rsu_power,rsu-2,0.0
3.281937284,timeout,,0.0
3.281937284,failure,,0.0
3.281937284,coverage,,0.75
3.29,vehicle_power,veh-1,0.0
3.29,vehicle_power,veh-2,0.0
3.29,rsu_power,rsu-1,0.0
3.29,rsu_power,rsu-2,0.0
3.29,timeout,,0.0
3.29,failure,,0.0
3.29,coverage,,0.75
3.317320951,vehicle_power,veh-1,0.0
3.317320951,vehicle_power,veh-2,0.0
3.317320951,rsu_power,rsu-1,0.0
3.317320951,rsu_power,rsu-2,0.0
3.317320951,timeout,,0.0
3.317320951,failure,,0.0
3.317320951,coverage,,0.75
3.324820951,vehicle_power,veh-1,0.0
3.324820951,vehicle_power,veh-2,0.0
3.324820951,rsu_power,rsu-1,0.0
3.324820951,rsu_power,rsu-2,0.0
3.324820951,timeout,,0.0
3.324820951,failure,,0.0
3.324820951,coverage,,0.75
3.332075671,vehicle_power,veh-1,0.0
3.332075671,vehicle_power,veh-2,0.0
3.332075671,rsu_power,rsu-1,0.0
3.332075671,rsu_power,rsu-2,0.0
3.332075671,timeout,,0.0
3.332075671,failure,,0.0
3.332075671,coverage,,0.75
3.332875671,vehicle_power,veh-1,0.0
3.332875671,vehicle_power,veh-2,0.0
3.332875671,rsu_power,rsu-1,0.0
3.332875671,rsu_power,rsu-2,0.0
3.332875671,timeout,,0.0
3.332875671,failure,,0.0
3.332875671,coverage,,0.75
3.394875671,vehicle_power,veh-1,0.0
3.394875671,vehicle_power,veh-2,0.0
3.394875671,rsu_power,rsu-1,0.0
3.394875671,rsu_power,rsu-2,0.0
3.394875671,timeout,,0.0
3.394875671,failure,,0.0
3.394875671,coverage,,0.0
3.5,vehicle_power,veh-1,0.0
3.5,vehicle_power,veh-2,0.0
3.5,rsu_power,rsu-1,0.0
3.5,rsu_power,rsu-2,0.0
3.5,timeout,,0.0
3.5,failure,,0.0
3.5,coverage,,0.0
3.6,vehicle_power,veh-1,0.0
3.6,vehicle_power,veh-2,0.0
3.6,rsu_power,rsu-1,0.0
3.6,rsu_power,rsu-2,0.0
3.6,timeout,,0.0
3.6,failure,,0.0
3.6,coverage,,0.0
3.75,vehicle_power,veh-1,0.0
3.75,vehicle_power,veh-2,0.0
3.75,rsu_power,rsu-1,0.0
3.75,rsu_power,rsu-2,0.0
3.75,timeout,,0.0
3.75,failure,,0.0
3.75,coverage,,0.0
3.79,vehicle_power,veh-1,0.0
3.79,vehicle_power,veh-2,0.0
3.79,rsu_power,rsu-1,0.0
3.79,rsu_power,rsu-2,0.0
3.79,timeout,,0.0
3.79,failure,,0.0
3.79,coverage,,0.0
4.0,vehicle_power,veh-1,0.0
4.0,vehicle_power,veh-2,0.0
4.0,rsu_power,rsu-1,0.0
4.0,rsu_power,rsu-2,0.0
4.0,timeout,,0.0
4.0,failure,,0.0
4.0,coverage,,0.0
4.002768324,vehicle_power,veh-1,0.0
4.002768324,vehicle_power,veh-2,0.0
4.002768324,rsu_power,rsu-1,0.0
4.002768324,rsu_power,rsu-2,0.0
4.002768324,timeout,,0.0
4.002768324,failure,,0.0
4.002768324,coverage,,0.75
4.0267894019999995,vehicle_power,veh-1,0.0
4.0267894019999995,vehicle_power,veh-2,0.0
4.0267894019999995,rsu_power,rsu-1,0.0
4.0267894019999995,rsu_power,rsu-2,0.0
4.0267894019999995,timeout,,0.0
4.0267894019999995,failure,,0.0
4.0267894019999995,coverage,,0.75
4.027589401999999,vehicle_power,veh-1,0.0
4.027589401999999,vehicle_power,veh-2,0.0
4.027589401999999,rsu_power,rsu-1,0.0
4.027589401999999,rsu_power,rsu-2,0.0
4.027589401999999,timeout,,0.0
4.027589401999999,failure,,0.0
4.027589401999999,coverage,,0.75
4.04,vehicle_power,veh-1,0.0
4.04,vehicle_power,veh-2,0.0
4.04,rsu_power,rsu-1,0.0
4.04,rsu_power,rsu-2,0.0
4.04,timeout,,0.0
4.04,failure,,0.0
4.04,coverage,,0.75
4.055247795,vehicle_power,veh-1,0.0
4.055247795,vehicle_power,veh-2,0.0
4.055247795,rsu_power,rsu-1,0.0
4.055247795,rsu_power,rsu-2,0.0
4.055247795,timeout,,0.0
4.055247795,failure,,0.0
4.055247795,coverage,,0.75
4.062747795,vehicle_power,veh-1,0.0
4.062747795,vehicle_power,veh-2,0.0
4.062747795,rsu_power,rsu-1,0.0
4.062747795,rsu_power,rsu-2,0.0
4.062747795,timeout,,0.0
4.062747795,failure,,0.0
4.062747795,coverage,,0.75
4.070002515,vehicle_power,veh-1,0.0
4.070002515,vehicle_power,veh-2,0.0
4.070002515,rsu_power,rsu-1,0.0
4.070002515,rsu_power,rsu-2,0.0
4.070002515,timeout,,0.0
4.070002515,failure,,0.0
4.070002515,coverage,,0.75
4.070802515,vehicle_power,veh-1,0.0
4.070802515,vehicle_power,veh-2,0.0
4.070802515,rsu_power,rsu-1,0.0
4.070802515,rsu_power,rsu-2,0.0
4.070802515,timeout,,0.0
4.070802515,failure,,0.0
4.070802515,coverage,,0.75
4.104802514999999,vehicle_power,veh-1,0.0
4.104802514999999,vehicle_power,veh-2,0.0
4.104802514999999,rsu_power,rsu-1,0.0
4.104802514999999,rsu_power,rsu-2,0.0
4.104802514999999,timeout,,0.0
4.104802514999999,failure,,0.0
4.104802514999999,coverage,,0.0
4.25,vehicle_power,veh-1,0.0
4.25,vehicle_power,veh-2,0.0
4.25,rsu_power,rsu-1,0.0
4.25,rsu_power,rsu-2,0.0
4.25,timeout,,0.0
4.25,failure,,0.0
4.25,coverage,,0.0
4.29,vehicle_power,veh-1,0.0
4.29,vehicle_power,veh-2,0.0
4.29,rsu_power,rsu-1,0.0
4.29,rsu_power,rsu-2,0.0
4.29,timeout,,0.0
4.29,failure,,0.0
4.29,coverage,,0.0
4.32,vehicle_power,veh-1,0.0
4.32,vehicle_power,veh-2,0.0
4.32,rsu_power,rsu-1,0.0
4.32,rsu_power,rsu-2,0.0
4.32,timeout,,0.0
4.32,failure,,0.0
4.32,coverage,,0.0
4.5,vehicle_power,veh-1,0.0
4.5,vehicle_power,veh-2,0.0
4.5,rsu_power,rsu-1,0.0
4.5,rsu_power,rsu-2,0.0
4.5,timeout,,0.0
4.5,failure,,0.0
4.5,coverage,,0.0
4.54,vehicle_power,veh-1,0.0
4.54,vehicle_power,veh-2,0.0
4.54,rsu_power,rsu-1,0.0
4.54,rsu_power,rsu-2,0.0
4.54,timeout,,0.0
4.54,failure,,0.0
4.54,coverage,,0.0
4.75,vehicle_power,veh-1,0.0
4.75,vehicle_power,veh-2,0.0
4.75,rsu_power,rsu-1,0.0
4.75,rsu_power,rsu-2,0.0
4.75,timeout,,0.0
4.75,failure,,0.0
4.75,coverage,,0.0
4.79,vehicle_power,veh-1,0.0
4.79,vehicle_power,veh-2,0.0
4.79,rsu_power,rsu-1,0.0
4.79,rsu_power,rsu-2,0.0
4.79,timeout,,0.0
4.79,failure,,0.0
4.79,coverage,,0.0
4.790163027,vehicle_power,veh-1,0.0
4.790163027,vehicle_power,veh-2,0.0
4.790163027,rsu_power,rsu-1,0.0
4.790163027,rsu_power,rsu-2,0.0
4.790163027,timeout,,0.0
4.790163027,failure,,0.0
4.790163027,coverage,,0.75
4.8,vehicle_power,veh-1,0.0
4.8,vehicle_power,veh-2,0.0
4.8,rsu_power,rsu-1,0.0
4.8,rsu_power,rsu-2,0.0
4.8,timeout,,0.0
4.8,failure,,0.0
4.8,coverage,,0.75
4.848684169857143,vehicle_power,veh-1,0.0
4.848684169857143,vehicle_power,veh-2,0.0
4.848684169857143,rsu_power,rsu-1,0.0
4.848684169857143,rsu_power,rsu-2,0.0
4.848684169857143,timeout,,0.0
4.848684169857143,failure,,0.0
4.848684169857143,coverage,,0.75
4.849484169857143,vehicle_power,veh-1,0.0
4.849484169857143,vehicle_power,veh-2,0.0
4.849484169857143,rsu_power,rsu-1,0.0
4.849484169857143,rsu_power,rsu-2,0.0
4.849484169857143,timeout,,0.0
4.849484169857143,failure,,0.0
4.849484169857143,coverage,,0.75
4.896128692714286,vehicle_power,veh-1,0.0
4.896128692714286,vehicle_power,veh-2,0.0
4.896128692714286,rsu_power,rsu-1,0.0
4.896128692714286,rsu_power,rsu-2,0.0
4.896128692714286,timeout,,0.0
4.896128692714286,failure,,0.0
4.896128692714286,coverage,,0.75
4.906842978428572,vehicle_power,veh-1,0.0
4.906842978428572,vehicle_power,veh-2,0.0
4.906842978428572,rsu_power,rsu-1,0.0
4.906842978428572,rsu_power,rsu-2,0.0
4.906842978428572,timeout,,0.0
4.906842978428572,failure,,0.0
4.906842978428572,coverage,,0.75
4.917145749857143,vehicle_power,veh-1,0.0
4.917145749857143,vehicle_power,veh-2,0.0
4.917145749857143,rsu_power,rsu-1,0.0
4.917145749857143,rsu_power,rsu-2,0.0
4.917145749857143,timeout,,0.0
4.917145749857143,failure,,0.0
4.917145749857143,coverage,,0.75
4.917945749857143,vehicle_power,veh-1,0.0
4.917945749857143,vehicle_power,veh-2,0.0
4.917945749857143,rsu_power,rsu-1,0.0
4.917945749857143,rsu_power,rsu-2,0.0
4.917945749857143,timeout,,0.0
4.917945749857143,failure,,0.0
4.917945749857143,coverage,,0.75
5.0,vehicle_power,veh-1,0.0
5.0,vehicle_power,veh-2,0.0
5.0,rsu_power,rsu-1,0.0
5.0,rsu_power,rsu-2,0.0
5.0,timeout,,0.0
5.0,failure,,0.0
5.0,coverage,,0.75
5.006517178428572,vehicle_power,veh-1,0.0
5.006517178428572,vehicle_power,veh-2,0.0
5.006517178428572,rsu_power,rsu-1,0.0
5.006517178428572,rsu_power,rsu-2,0.0
5.006517178428572,timeout,,0.0
5.006517178428572,failure,,0.0
5.006517178428572,coverage,,0.0
5.04,vehicle_power,veh-1,0.0
5.04,vehicle_power,veh-2,0.0
5.04,rsu_power,rsu-1,0.0
5.04,rsu_power,rsu-2,0.0
5.04,timeout,,0.0
5.04,failure,,0.0
5.04,coverage,,0.0
5.25,vehicle_power,veh-1,0.0
5.25,vehicle_power,veh-2,0.0
5.25,rsu_power,rsu-1,0.0
5.25,rsu_power,rsu-2,0.0
5.25,timeout,,0.0
5.25,failure,,0.0
5.25,coverage,,0.0
5.4,vehicle_power,veh-1,0.0
5.4,vehicle_power,veh-2,0.0
5.4,rsu_power,rsu-1,0.0
5.4,rsu_power,rsu-2,0.0
5.4,timeout,,0.0
5.4,failure,,0.0
5.4,coverage,,0.0
5.5,vehicle_power,veh-1,0.0
5.5,vehicle_power,veh-2,0.0
5.5,rsu_power,rsu-1,0.0
5.5,rsu_power,rsu-2,0.0
5.5,timeout,,0.0
5.5,failure,,0.0
5.5,coverage,,0.0
5.54,vehicle_power,veh-1,0.0
5.54,vehicle_power,veh-2,0.0
5.54,rsu_power,rsu-1,0.0
5.54,rsu_power,rsu-2,0.0
5.54,timeout,,0.0
5.54,failure,,0.0
5.54,coverage,,0.0
5.629095749,vehicle_power,veh-1,0.0
5.629095749,vehicle_power,veh-2,0.0
5.629095749,rsu_power,rsu-1,0.0
5.629095749,rsu_power,rsu-2,0.0
5.629095749,timeout,,0.0
5.629095749,failure,,0.0
5.629095749,coverage,,0.75
5.662107676142857,vehicle_power,veh-1,0.0
5.662107676142857,vehicle_power,veh-2,0.0
5.662107676142857,rsu_power,rsu-1,0.0
5.662107676142857,rsu_power,rsu-2,0.0
5.662107676142857,timeout,,0.0
5.662107676142857,failure,,0.0
5.662107676142857,coverage,,0.75
5.662907676142857,vehicle_power,veh-1,0.0
5.662907676142857,vehicle_power,veh-2,0.0
5.662907676142857,rsu_power,rsu-1,0.0
5.662907676142857,rsu_power,rsu-2,0.0
5.662907676142857,timeout,,0.0
5.662907676142857,failure,,0.0
5.662907676142857,coverage,,0.75
5.700086869,vehicle_power,veh-1,0.0
5.700086869,vehicle_power,veh-2,0.0
5.700086869,rsu_power,rsu-1,0.0
5.700086869,rsu_power,rsu-2,0.0
5.700086869,timeout,,0.0
5.700086869,failure,,0.0
5.700086869,coverage,,0.75
5.710801154714286,vehicle_power,veh-1,0.0
5.710801154714286,vehicle_power,veh-2,0.0
5.710801154714286,rsu_power,rsu-1,0.0
5.710801154714286,rsu_power,rsu-2,0.0
5.710801154714286,timeout,,0.0
5.710801154714286,failure,,0.0
5.710801154714286,coverage,,0.75
5.721103926142857,vehicle_power,veh-1,0.0
5.721103926142857,vehicle_power,veh-2,0.0
5.721103926142857,rsu_power,rsu-1,0.0
5.721103926142857,rsu_power,rsu-2,0.0
5.721103926142857,timeout,,0.0
5.721103926142857,failure,,0.0
5.721103926142857,coverage,,0.75
5.721903926142857,vehicle_power,veh-1,0.0
5.721903926142857,vehicle_power,veh-2,0.0
5.721903926142857,rsu_power,rsu-1,0.0
5.721903926142857,rsu_power,rsu-2,0.0
5.721903926142857,timeout,,0.0
5.721903926142857,failure,,0.0
5.721903926142857,coverage,,0.75
5.75,vehicle_power,veh-1,0.0
5.75,vehicle_power,veh-2,0.0
5.75,rsu_power,rsu-1,0.0
5.75,rsu_power,rsu-2,0.0
5.75,timeout,,0.0
5.75,failure,,0.0
5.75,coverage,,0.75
5.76,vehicle_power,veh-1,0.0
5.76,vehicle_power,veh-2,0.0
5.76,rsu_power,rsu-1,0.0
5.76,rsu_power,rsu-2,0.0
5.76,timeout,,0.0
5.76,failure,,0.0
5.76,coverage,,0.75
5.775332497571428,vehicle_power,veh-1,0.0
5.775332497571428,vehicle_power,veh-2,0.0
5.775332497571428,rsu_power,rsu-1,0.0
5.775332497571428,rsu_power,rsu-2,0.0
5.775332497571428,timeout,,0.0
5.775332497571428,failure,,0.0
5.775332497571428,coverage,,0.0
5.79,vehicle_power,veh-1,0.0
5.79,vehicle_power,veh-2,0.0
5.79,rsu_power,rsu-1,0.0
5.79,rsu_power,rsu-2,0.0
5.79,timeout,,0.0
5.79,failure,,0.0
5.79,coverage,,0.0
6.0,vehicle_power,veh-1,0.0
6.0,vehicle_power,veh-2,0.0
6.0,rsu_power,rsu-1,0.0
6.0,rsu_power,rsu-2,0.0
6.0,timeout,,0.0
6.0,failure,,0.0
6.0,coverage,,0.0
6.04,vehicle_power,veh-1,0.0
6.04,vehicle_power,veh-2,0.0
6.04,rsu_power,rsu-1,0.0
6.04,rsu_power,rsu-2,0.0
6.04,timeout,,0.0
6.04,failure,,0.0
6.04,coverage,,0.0
6.25,vehicle_power,veh-1,0.0
6.25,vehicle_power,veh-2,0.0
6.25,rsu_power,rsu-1,0.0
6.25,rsu_power,rsu-2,0.0
6.25,timeout,,0.0
6.25,failure,,0.0
6.25,coverage,,0.0
6.29,vehicle_power,veh-1,0.0
6.29,vehicle_power,veh-2,0.0
6.29,rsu_power,rsu-1,0.0
6.29,rsu_power,rsu-2,0.0
6.29,timeout,,0.0
6.29,failure,,0.0
6.29,coverage,,0.0
6.422663981,vehicle_power,veh-1,0.0
6.422663981,vehicle_power,veh-2,0.0
6.422663981,rsu_power,rsu-1,0.0
6.422663981,rsu_power,rsu-2,0.0
6.422663981,timeout,,0.0
6.422663981,failure,,0.0
6.422663981,coverage,,0.75
6.481185123857143,vehicle_power,veh-1,0.0
6.481185123857143,vehicle_power,veh-2,0.0
6.481185123857143,rsu_power,rsu-1,0.0
6.481185123857143,rsu_power,rsu-2,0.0
6.481185123857143,timeout,,0.0
6.481185123857143,failure,,0.0
6.481185123857143,coverage,,0.75
6.481985123857143,vehicle_power,veh-1,0.0
6.481985123857143,vehicle_power,veh-2,0.0
6.481985123857143,rsu_power,rsu-1,0.0
6.481985123857143,rsu_power,rsu-2,0.0
6.481985123857143,timeout,,0.0
6.481985123857143,failure,,0.0
6.481985123857143,coverage,,0.75
6.5,vehicle_power,veh-1,0.0
6.5,vehicle_power,veh-2,0.0
6.5,rsu_power,rsu-1,0.0
6.5,rsu_power,rsu-2,0.0
6.5,timeout,,0.0
6.5,failure,,0.0
6.5,coverage,,0.75
6.528629646714286,vehicle_power,veh-1,0.0
6.528629646714286,vehicle_power,veh-2,0.0
6.528629646714286,rsu_power,rsu-1,0.0
6.528629646714286,rsu_power,rsu-2,0.0
6.528629646714286,timeout,,0.0
6.528629646714286,failure,,0.0
6.528629646714286,coverage,,0.75
6.539343932428572,vehicle_power,veh-1,0.0
6.539343932428572,vehicle_power,veh-2,0.0
6.539343932428572,rsu_power,rsu-1,0.0
6.539343932428572,rsu_power,rsu-2,0.0
6.539343932428572,timeout,,0.0
6.539343932428572,failure,,0.0
6.539343932428572,coverage,,0.75
6.54,vehicle_power,veh-1,0.0
6.54,vehicle_power,veh-2,0.0
6.54,rsu_power,rsu-1,0.0
6.54,rsu_power,rsu-2,0.0
6.54,timeout,,0.0
6.54,failure,,0.0
6.54,coverage,,0.75
6.549646703857143,vehicle_power,veh-1,0.0
6.549646703857143,vehicle_power,veh-2,0.0
6.549646703857143,rsu_power,rsu-1,0.0
6.549646703857143,rsu_power,rsu-2,0.0
6.549646703857143,timeout,,0.0
6.549646703857143,failure,,0.0
6.549646703857143,coverage,,0.75
6.550446703857143,vehicle_power,veh-1,0.0
6.550446703857143,vehicle_power,veh-2,0.0
6.550446703857143,rsu_power,rsu-1,0.0
6.550446703857143,rsu_power,rsu-2,0.0
6.550446703857143,timeout,,0.0
6.550446703857143,failure,,0.0
6.550446703857143,coverage,,0.75
6.647875275285715,vehicle_power,veh-1,0.0
6.647875275285715,vehicle_power,veh-2,0.0
6.647875275285715,rsu_power,rsu-1,0.0
6.647875275285715,rsu_power,rsu-2,0.0
6.647875275285715,timeout,,0.0
6.647875275285715,failure,,0.0
6.647875275285715,coverage,,0.0
6.75,vehicle_power,veh-1,0.0
6.75,vehicle_power,veh-2,0.0
6.75,rsu_power,rsu-1,0.0
6.75,rsu_power,rsu-2,0.0
6.75,timeout,,0.0
6.75,failure,,0.0
6.75,coverage,,0.0
6.79,vehicle_power,veh-1,0.0
6.79,vehicle_power,veh-2,0.0
6.79,rsu_power,rsu-1,0.0
6.79,rsu_power,rsu-2,0.0
6.79,timeout,,0.0
6.79,failure,,0.0
6.79,coverage,,0.0
6.96,vehicle_power,veh-1,0.0
6.96,vehicle_power,veh-2,0.0
6.96,rsu_power,rsu-1,0.0
6.96,rsu_power,rsu-2,0.0
6.96,timeout,,0.0
6.96,failure,,0.0
6.96,coverage,,0.0
7.0,vehicle_power,veh-1,0.0
7.0,vehicle_power,veh-2,0.0
7.0,rsu_power,rsu-1,0.0
7.0,rsu_power,rsu-2,0.0
7.0,timeout,,0.0
7.0,failure,,0.0
7.0,coverage,,0.0
7.181154082,vehicle_power,veh-1,0.0
7.181154082,vehicle_power,veh-2,0.0
7.181154082,rsu_power,rsu-1,0.0
7.181154082,rsu_power,rsu-2,0.0
7.181154082,timeout,,0.0
7.181154082,failure,,0.0
7.181154082,coverage,,0.75
7.2,vehicle_power,veh-1,0.0
7.2,vehicle_power,veh-2,0.0
7.2,rsu_power,rsu-1,0.0
7.2,rsu_power,rsu-2,0.0
7.2,timeout,,0.0
7.2,failure,,0.0
7.2,coverage,,0.75
7.204262431,vehicle_power,veh-1,0.0
7.204262431,vehicle_power,veh-2,0.0
7.204262431,rsu_power,rsu-1,0.0
7.204262431,rsu_power,rsu-2,0.0
7.204262431,timeout,,0.0
7.204262431,failure,,0.0
7.204262431,coverage,,0.75
7.205062431,vehicle_power,veh-1,0.0
7.205062431,vehicle_power,veh-2,0.0
7.205062431,rsu_power,rsu-1,0.0
7.205062431,rsu_power,rsu-2,0.0
7.205062431,timeout,,0.0
7.205062431,failure,,0.0
7.205062431,coverage,,0.75
7.23150457,vehicle_power,veh-1,0.0
7.23150457,vehicle_power,veh-2,0.0
7.23150457,rsu_power,rsu-1,0.0
7.23150457,rsu_power,rsu-2,0.0
7.23150457,timeout,,0.0
7.23150457,failure,,0.0
7.23150457,coverage,,0.75
7.2390045700000005,vehicle_power,veh-1,0.0
7.2390045700000005,vehicle_power,veh-2,0.0
7.2390045700000005,rsu_power,rsu-1,0.0
7.2390045700000005,rsu_power,rsu-2,0.0
7.2390045700000005,timeout,,0.0
7.2390045700000005,failure,,0.0
7.2390045700000005,coverage,,0.75
7.246216510000001,vehicle_power,veh-1,0.0
7.246216510000001,vehicle_power,veh-2,0.0
7.246216510000001,rsu_power,rsu-1,0.0
7.246216510000001,rsu_power,rsu-2,0.0
7.246216510000001,timeout,,0.0
7.246216510000001,failure,,0.0
7.246216510000001,coverage,,0.75
7.247016510000001,vehicle_power,veh-1,0.0
7.247016510000001,vehicle_power,veh-2,0.0
7.247016510000001,rsu_power,rsu-1,0.0
7.247016510000001,rsu_power,rsu-2,0.0
7.247016510000001,timeout,,0.0
7.247016510000001,failure,,0.0
7.247016510000001,coverage,,0.75
7.25,vehicle_power,veh-1,0.0
7.25,vehicle_power,veh-2,0.0
7.25,rsu_power,rsu-1,0.0
7.25,rsu_power,rsu-2,0.0
7.25,timeout,,0.0
7.25,failure,,0.0
7.25,coverage,,0.75
7.284416510000001,vehicle_power,veh-1,0.0
7.284416510000001,vehicle_power,veh-2,0.0
7.284416510000001,rsu_power,rsu-1,0.0
7.284416510000001,rsu_power,rsu-2,0.0
7.284416510000001,timeout,,0.0
7.284416510000001,failure,,0.0
7.284416510000001,coverage,,0.0
7.29,vehicle_power,veh-1,0.0
7.29,vehicle_power,veh-2,0.0
7.29,rsu_power,rsu-1,0.0
7.29,rsu_power,rsu-2,0.0
7.29,timeout,,0.0
7.29,failure,,0.0
7.29,coverage,,0.0
7.5,vehicle_power,veh-1,0.0
7.5,vehicle_power,veh-2,0.0
7.5,rsu_power,rsu-1,0.0
7.5,rsu_power,rsu-2,0.0
7.5,timeout,,0.0
7.5,failure,,0.0
7.5,coverage,,0.0
7.54,vehicle_power,veh-1,0.0
7.54,vehicle_power,veh-2,0.0
7.54,rsu_power,rsu-1,0.0
7.54,rsu_power,rsu-2,0.0
7.54,timeout,,0.0
7.54,failure,,0.0
7.54,coverage,,0.0
7.75,vehicle_power,veh-1,0.0
7.75,vehicle_power,veh-2,0.0
7.75,rsu_power,rsu-1,0.0
7.75,rsu_power,rsu-2,0.0
7.75,timeout,,0.0
7.75,failure,,0.0
7.75,coverage,,0.0
7.79,vehicle_power,veh-1,0.0
7.79,vehicle_power,veh-2,0.0
7.79,rsu_power,rsu-1,0.0
7.79,rsu_power,rsu-2,0.0
7.79,timeout,,0.0
7.79,failure,,0.0
7.79,coverage,,0.0
7.988594695,vehicle_power,veh-1,0.0
7.988594695,vehicle_power,veh-2,0.0
7.988594695,rsu_power,rsu-1,0.0
7.988594695,rsu_power,rsu-2,0.0
7.988594695,timeout,,0.0
7.988594695,failure,,0.0
7.988594695,coverage,,0.75
8.0,vehicle_power,veh-1,0.0
8.0,vehicle_power,veh-2,0.0
8.0,rsu_power,rsu-1,0.0
8.0,rsu_power,rsu-2,0.0
8.0,timeout,,0.0
8.0,failure,,0.0
8.0,coverage,,0.75
8.029559494999999,vehicle_power,veh-1,0.0
8.029559494999999,vehicle_power,veh-2,0.0
8.029559494999999,rsu_power,rsu-1,0.0
8.029559494999999,rsu_power,rsu-2,0.0
8.029559494999999,timeout,,0.0
8.029559494999999,failure,,0.0
8.029559494999999,coverage,,0.75
8.030359494999999,vehicle_power,veh-1,0.0
8.030359494999999,vehicle_power,veh-2,0.0
8.030359494999999,rsu_power,rsu-1,0.0
8.030359494999999,rsu_power,rsu-2,0.0
8.030359494999999,timeout,,0.0
8.030359494999999,failure,,0.0
8.030359494999999,coverage,,0.75
8.04,vehicle_power,veh-1,0.0
8.04,vehicle_power,veh-2,0.0
8.04,rsu_power,rsu-1,0.0
8.04,rsu_power,rsu-2,0.0
8.04,timeout,,0.0
8.04,failure,,0.0
8.04,coverage,,0.75
8.055409518,vehicle_power,veh-1,0.0
8.055409518,vehicle_power,veh-2,0.0
8.055409518,rsu_power,rsu-1,0.0
8.055409518,rsu_power,rsu-2,0.0
8.055409518,timeout,,0.0
8.055409518,failure,,0.0
8.055409518,coverage,,0.75
8.062909518,vehicle_power,veh-1,0.0
8.062909518,vehicle_power,veh-2,0.0
8.062909518,rsu_power,rsu-1,0.0
8.062909518,rsu_power,rsu-2,0.0
8.062909518,timeout,,0.0
8.062909518,failure,,0.0
8.062909518,coverage,,0.75
8.097701217,vehicle_power,veh-1,0.0
8.097701217,vehicle_power,veh-2,0.0
8.097701217,rsu_power,rsu-1,0.0
8.097701217,rsu_power,rsu-2,0.0
8.097701217,timeout,,0.0
8.097701217,failure,,0.0
8.097701217,coverage,,0.75
8.105201217,vehicle_power,veh-1,0.0
8.105201217,vehicle_power,veh-2,0.0
8.105201217,rsu_power,rsu-1,0.0
8.105201217,rsu_power,rsu-2,0.0
8.105201217,timeout,,0.0
8.105201217,failure,,0.0
8.105201217,coverage,,0.75
8.112493157,vehicle_power,veh-1,0.0
8.112493157,vehicle_power,veh-2,0.0
8.112493157,rsu_power,rsu-1,0.0
8.112493157,rsu_power,rsu-2,0.0
8.112493157,timeout,,0.0
8.112493157,failure,,0.0
8.112493157,coverage,,0.75
8.113293157,vehicle_power,veh-1,0.0
8.113293157,vehicle_power,veh-2,0.0
8.113293157,rsu_power,rsu-1,0.0
8.113293157,rsu_power,rsu-2,0.0
8.113293157,timeout,,0.0
8.113293157,failure,,0.0
8.113293157,coverage,,0.75
8.181493156999998,vehicle_power,veh-1,0.0
8.181493156999998,vehicle_power,veh-2,0.0
8.181493156999998,rsu_power,rsu-1,0.0
8.181493156999998,rsu_power,rsu-2,0.0
8.181493156999998,timeout,,0.0
8.181493156999998,failure,,0.0
8.181493156999998,coverage,,0.0
8.25,vehicle_power,veh-1,0.0
8.25,vehicle_power,veh-2,0.0
8.25,rsu_power,rsu-1,0.0
8.25,rsu_power,rsu-2,0.0
8.25,timeout,,0.0
8.25,failure,,0.0
8.25,coverage,,0.0
8.29,vehicle_power,veh-1,0.0
8.29,vehicle_power,veh-2,0.0
8.29,rsu_power,rsu-1,0.0
8.29,rsu_power,rsu-2,0.0
8.29,timeout,,0.0
8.29,failure,,0.0
8.29,coverage,,0.0
8.4,vehicle_power,veh-1,0.0
8.4,vehicle_power,veh-2,0.0
8.4,rsu_power,rsu-1,0.0
8.4,rsu_power,rsu-2,0.0
8.4,timeout,,0.0
8.4,failure,,0.0
8.4,coverage,,0.0
8.5,vehicle_power,veh-1,0.0
8.5,vehicle_power,veh-2,0.0
8.5,rsu_power,rsu-1,0.0
8.5,rsu_power,rsu-2,0.0
8.5,timeout,,0.0
8.5,failure,,0.0
8.5,coverage,,0.0
8.54,vehicle_power,veh-1,0.0
8.54,vehicle_power,veh-2,0.0
8.54,rsu_power,rsu-1,0.0
8.54,rsu_power,rsu-2,0.0
8.54,timeout,,0.0
8.54,failure,,0.0
8.54,coverage,,0.0
8.64,vehicle_power,veh-1,0.0
8.64,vehicle_power,veh-2,0.0
8.64,rsu_power,rsu-1,0.0
8.64,rsu_power,rsu-2,0.0
8.64,timeout,,0.0
8.64,failure,,0.0
8.64,coverage,,0.0
8.75,vehicle_power,veh-1,0.0
8.75,vehicle_power,veh-2,0.0
8.75,rsu_power,rsu-1,2.8399999999999856
8.75,rsu_power,rsu-2,0.0
8.75,timeout,,0.0
8.75,failure,,0.0
8.75,coverage,,0.0
8.836041566,vehicle_power,veh-1,0.0
8.836041566,vehicle_power,veh-2,0.0
8.836041566,rsu_power,rsu-1,5.061436794909088
8.836041566,rsu_power,rsu-2,0.0
8.836041566,timeout,,0.0
8.836041566,failure,,0.0
8.836041566,coverage,,0.75
8.859149915,vehicle_power,veh-1,0.0
8.859149915,vehicle_power,veh-2,0.0
8.859149915,rsu_power,rsu-1,5.6580523509090686
8.859149915,rsu_power,rsu-2,0.0
8.859149915,timeout,,0.0
8.859149915,failure,,0.0
8.859149915,coverage,,0.75
8.859949915,vehicle_power,veh-1,0.0
8.859949915,vehicle_power,veh-2,0.0
8.859949915,rsu_power,rsu-1,5.678706896363612
8.859949915,rsu_power,rsu-2,0.0
8.859949915,timeout,,0.0
8.859949915,failure,,0.0
8.859949915,coverage,,0.75
8.860000000000001,vehicle_power,veh-1,0.0
8.860000000000001,vehicle_power,veh-2,0.0
8.860000000000001,rsu_power,rsu-1,5.679999999999964
8.860000000000001,rsu_power,rsu-2,0.0
8.860000000000001,timeout,,0.0
8.860000000000001,failure,,0.0
8.860000000000001,coverage,,0.75
8.886392054,vehicle_power,veh-1,0.0
8.886392054,vehicle_power,veh-2,0.0
8.886392054,rsu_power,rsu-1,4.202044976000039
8.886392054,rsu_power,rsu-2,0.0
8.886392054,timeout,,0.0
8.886392054,failure,,0.0
8.886392054,coverage,,0.75
8.893892054,vehicle_power,veh-1,0.0
8.893892054,vehicle_power,veh-2,0.0
8.893892054,rsu_power,rsu-1,3.782044976000023
8.893892054,rsu_power,rsu-2,0.0
8.893892054,timeout,,0.0
8.893892054,failure,,0.0
8.893892054,coverage,,0.75
8.901103994,vehicle_power,veh-1,0.0
8.901103994,vehicle_power,veh-2,0.0
8.901103994,rsu_power,rsu-1,3.3781763360000525
8.901103994,rsu_power,rsu-2,0.0
8.901103994,timeout,,0.0
8.901103994,failure,,0.0
8.901103994,coverage,,0.75
8.901903994,vehicle_power,veh-1,0.0
8.901903994,vehicle_power,veh-2,0.0
8.901903994,rsu_power,rsu-1,3.3333763360000574
8.901903994,rsu_power,rsu-2,0.0
8.901903994,timeout,,0.0
8.901903994,failure,,0.0
8.901903994,coverage,,0.75
8.935903994,vehicle_power,veh-1,0.0
8.935903994,vehicle_power,veh-2,0.0
8.935903994,rsu_power,rsu-1,1.4293763360000185
8.935903994,rsu_power,rsu-2,0.0
8.935903994,timeout,,0.0
8.935903994,failure,,0.0
8.935903994,coverage,,0.0
9.0,vehicle_power,veh-1,0.0
9.0,vehicle_power,veh-2,0.0
9.0,rsu_power,rsu-1,0.0
9.0,rsu_power,rsu-2,0.0
9.0,timeout,,0.0
9.0,failure,,0.0
9.0,coverage,,0.0
9.04,vehicle_power,veh-1,0.0
9.04,vehicle_power,veh-2,0.0
9.04,rsu_power,rsu-1,0.0
9.04,rsu_power,rsu-2,0.0
9.04,timeout,,0.0
9.04,failure,,0.0
9.04,coverage,,0.0
9.25,vehicle_power,veh-1,0.0
9.25,vehicle_power,veh-2,0.0
9.25,rsu_power,rsu-1,0.0
9.25,rsu_power,rsu-2,0.0
9.25,timeout,,0.0
9.25,failure,,0.0
9.25,coverage,,0.0
9.29,vehicle_power,veh-1,0.0
9.29,vehicle_power,veh-2,0.0
9.29,rsu_power,rsu-1,0.0
9.29,rsu_power,rsu-2,0.0
9.29,timeout,,0.0
9.29,failure,,0.0
9.29,coverage,,0.0
9.5,vehicle_power,veh-1,0.0
9.5,vehicle_power,veh-2,0.0
9.5,rsu_power,rsu-1,0.0
9.5,rsu_power,rsu-2,0.0
9.5,timeout,,0.0
9.5,failure,,0.0
9.5,coverage,,0.0
9.54,vehicle_power,veh-1,0.0
9.54,vehicle_power,veh-2,0.0
9.54,rsu_power,rsu-1,0.0
9.54,rsu_power,rsu-2,0.0
9.54,timeout,,0.0
9.54,failure,,0.0
9.54,coverage,,0.0
9.586272726,vehicle_power,veh-1,0.0
9.586272726,vehicle_power,veh-2,0.0
9.586272726,rsu_power,rsu-1,0.0
9.586272726,rsu_power,rsu-2,0.0
9.586272726,timeout,,0.0
9.586272726,failure,,0.0
9.586272726,coverage,,0.75
9.6,vehicle_power,veh-1,0.0
9.6,vehicle_power,veh-2,0.0
9.6,rsu_power,rsu-1,0.0
9.6,rsu_power,rsu-2,0.0
9.6,timeout,,0.0
9.6,failure,,0.0
9.6,coverage,,0.75
9.627237526,vehicle_power,veh-1,0.0
9.627237526,vehicle_power,veh-2,0.0
9.627237526,rsu_power,rsu-1,0.0
9.627237526,rsu_power,rsu-2,0.0
9.627237526,timeout,,0.0
9.627237526,failure,,1.0
9.627237526,coverage,,0.75
