time_s,owner_type,owner_id,resource_id,resource_kind,server_count,waiting_jobs,running_jobs,residual_work_s,busy_server_seconds,utilization,max_running_observed,physical_energy_j,memory_reserved_bytes,memory_capacity_bytes,descriptor_reserved_json,descriptor_capacity_json,admitted_descriptors,descriptor_capacity,reserved_vram_bytes,vram_capacity_bytes,reserved_work_gpu_s,workload_capacity_gpu_s,rsu_failed
0.1,vehicle,veh-1,veh-1:accelerator,accelerator,1,0,1,0.021,0.0,0.0,1,0.8,50331648,536870912,"{""accelerator"":1,""cpu"":0,""encoder"":0}","{""accelerator"":8,""cpu"":8,""encoder"":8}",,,,,,,
0.1,vehicle,veh-1,veh-1:cpu,cpu,1,0,0,0,0.0,0.0,0,0.8,50331648,536870912,"{""accelerator"":1,""cpu"":0,""encoder"":0}","{""accelerator"":8,""cpu"":8,""encoder"":8}",,,,,,,
0.1,vehicle,veh-1,veh-1:encoder,encoder,1,0,0,0,0.0,0.0,0,0.8,50331648,536870912,"{""accelerator"":1,""cpu"":0,""encoder"":0}","{""accelerator"":8,""cpu"":8,""encoder"":8}",,,,,,,
0.1,vehicle,veh-2,veh-2:accelerator,accelerator,1,0,1,0.04484,0.0,0.0,1,0.65,50331648,268435456,"{""accelerator"":1,""cpu"":0,""encoder"":0}","{""accelerator"":6,""cpu"":6,""encoder"":6}",,,,,,,
0.1,vehicle,veh-2,veh-2:cpu,cpu,1,0,0,0,0.0,0.0,0,0.65,50331648,268435456,"{""accelerator"":1,""cpu"":0,""encoder"":0}","{""accelerator"":6,""cpu"":6,""encoder"":6}",,,,,,,
0.1,vehicle,veh-2,veh-2:encoder,encoder,1,0,0,0,0.0,0.0,0,0.65,50331648,268435456,"{""accelerator"":1,""cpu"":0,""encoder"":0}","{""accelerator"":6,""cpu"":6,""encoder"":6}",,,,,,,
0.1,rsu,rsu-1,rsu-1:ingress,rsu_ingress_cpu,1,0,0,0,0.0,0.0,0,7.2,,,,,0,16,0,8589934592,0.0,30.0,False
0.1,rsu,rsu-1,rsu-1:gpu,rsu_gpu,2,0,0,0,0.0,0.0,0,7.2,,,,,0,16,0,8589934592,0.0,30.0,False
0.1,rsu,rsu-2,rsu-2:ingress,rsu_ingress_cpu,1,0,0,0,0.0,0.0,0,5.800000000000001,,,,,0,10,0,6442450944,0.0,18.0,False
0.1,rsu,rsu-2,rsu-2:gpu,rsu_gpu,1,0,0,0,0.0,0.0,0,5.800000000000001,,,,,0,10,0,6442450944,0.0,18.0,False
0.12100000000000001,vehicle,veh-1,veh-1:accelerator,accelerator,1,0,0,0,0.021000000000000005,0.1735537190082645,1,1.21665,0,536870912,"{""accelerator"":0,""cpu"":0,""encoder"":0}","{""accelerator"":8,""cpu"":8,""encoder"":8}",,,,,,,
0.12100000000000001,vehicle,veh-1,veh-1:cpu,cpu,1,0,0,0,0.0,0.0,0,1.21665,0,536870912,"{""accelerator"":0,""cpu"":0,""encoder"":0}","{""accelerator"":8,""cpu"":8,""encoder"":8}",,,,,,,
0.12100000000000001,vehicle,veh-1,veh-1:encoder,encoder,1,0,0,0,0.0,0.0,0,1.21665,0,536870912,"{""accelerator"":0,""cpu"":0,""encoder"":0}","{""accelerator"":8,""cpu"":8,""encoder"":8}",,,,,,,
0.12100000000000001,vehicle,veh-2,veh-2:accelerator,accelerator,1,0,1,0.023839999999999993,0.021000000000000005,0.1735537190082645,1,0.9465200000000001,50331648,268435456,"{""accelerator"":1,""cpu"":0,""encoder"":0}","{""accelerator"":6,""cpu"":6,""encoder"":6}",,,,,,,
0.12100000000000001,vehicle,veh-2,veh-2:cpu,cpu,1,0,0,0,0.0,0.0,0,0.9465200000000001,50331648,268435456,"{""accelerator"":1,""cpu"":0,""encoder"":0}","{""accelerator"":6,""cpu"":6,""encoder"":6}",,,,,,,
0.12100000000000001,vehicle,veh-2,veh-2:encoder,encoder,1,0,0,0,0.0,0.0,0,0.9465200000000001,50331648,268435456,"{""accelerator"":1,""cpu"":0,""encoder"":0}","{""accelerator"":6,""cpu"":6,""encoder"":6}",,,,,,,
0.12100000000000001,rsu,rsu-1,rsu-1:ingress,rsu_ingress_cpu,1,0,0,0,0.0,0.0,0,8.712,,,,,0,16,0,8589934592,0.0,30.0,False
0.12100000000000001,rsu,rsu-1,rsu-1:gpu,rsu_gpu,2,0,0,0,0.0,0.0,0,8.712,,,,,0,16,0,8589934592,0.0,30.0,False
0.12100000000000001,rsu,rsu-2,rsu-2:ingress,rsu_ingress_cpu,1,0,0,0,0.0,0.0,0,7.018000000000001,,,,,0,10,0,6442450944,0.0,18.0,False
0.12100000000000001,rsu,rsu-2,rsu-2:gpu,rsu_gpu,1,0,0,0,0.0,0.0,0,7.018000000000001,,,,,0,10,0,6442450944,0.0,18.0,False
0.1218,vehicle,veh-1,veh-1:accelerator,accelerator,1,0,1,0.033,0.021000000000000005,0.17241379310344832,1,1.2231699999999999,230686720,536870912,"{""accelerator"":1,""cpu"":0,""encoder"":0}","{""accelerator"":8,""cpu"":8,""encoder"":8}",,,,,,,
0.1218,vehicle,veh-1,veh-1:cpu,cpu,1,0,0,0,0.0,0.0,0,1.2231699999999999,230686720,536870912,"{""accelerator"":1,""cpu"":0,""encoder"":0}","{""accelerator"":8,""cpu"":8,""encoder"":8}",,,,,,,
0.1218,vehicle,veh-1,veh-1:encoder,encoder,1,0,0,0,0.0,0.0,0,1.2231699999999999,230686720,536870912,"{""accelerator"":1,""cpu"":0,""encoder"":0}","{""accelerator"":8,""cpu"":8,""encoder"":8}",,,,,,,
0.1218,vehicle,veh-2,veh-2:accelerator,accelerator,1,0,1,0.023039999999999998,0.0218,0.17898193760262726,1,0.9578160000000001,50331648,268435456,"{""accelerator"":1,""cpu"":0,""encoder"":0}","{""accelerator"":6,""cpu"":6,""encoder"":6}",,,,,,,
0.1218,vehicle,veh-2,veh-2:cpu,cpu,1,0,0,0,0.0,0.0,0,0.9578160000000001,50331648,268435456,"{""accelerator"":1,""cpu"":0,""encoder"":0}","{""accelerator"":6,""cpu"":6,""encoder"":6}",,,,,,,
0.1218,vehicle,veh-2,veh-2:encoder,encoder,1,0,0,0,0.0,0.0,0,0.9578160000000001,50331648,268435456,"{""accelerator"":1,""cpu"":0,""encoder"":0}","{""accelerator"":6,""cpu"":6,""encoder"":6}",,,,,,,
0.1218,rsu,rsu-1,rsu-1:ingress,rsu_ingress_cpu,1,0,0,0,0.0,0.0,0,8.769599999999999,,,,,0,16,0,8589934592,0.0,30.0,False
0.1218,rsu,rsu-1,rsu-1:gpu,rsu_gpu,2,0,0,0,0.0,0.0,0,8.769599999999999,,,,,0,16,0,8589934592,0.0,30.0,False
0.1218,rsu,rsu-2,rsu-2:ingress,rsu_ingress_cpu,1,0,0,0,0.0,0.0,0,7.0644,,,,,0,10,0,6442450944,0.0,18.0,False
0.1218,rsu,rsu-2,rsu-2:gpu,rsu_gpu,1,0,0,0,0.0,0.0,0,7.0644,,,,,0,10,0,6442450944,0.0,18.0,False
0.14484,vehicle,veh-1,veh-1:accelerator,accelerator,1,0,1,0.00996000000000001,0.044039999999999996,0.304059652029826,1,1.6874259999999994,230686720,536870912,"{""accelerator"":1,""cpu"":0,""encoder"":0}","{""accelerator"":8,""cpu"":8,""encoder"":8}",,,,,,,
0.14484,vehicle,veh-1,veh-1:cpu,cpu,1,0,0,0,0.0,0.0,0,1.6874259999999994,230686720,536870912,"{""accelerator"":1,""cpu"":0,""encoder"":0}","{""accelerator"":8,""cpu"":8,""encoder"":8}",,,,,,,
0.14484,vehicle,veh-1,veh-1:encoder,encoder,1,0,0,0,0.0,0.0,0,1.6874259999999994,230686720,536870912,"{""accelerator"":1,""cpu"":0,""encoder"":0}","{""accelerator"":8,""cpu"":8,""encoder"":8}",,,,,,,
0.14484,vehicle,veh-2,veh-2:accelerator,accelerator,1,0,0,0,0.04483999999999999,0.3095829881248273,1,1.2871408,0,268435456,"{""accelerator"":0,""cpu"":0,""encoder"":0}","{""accelerator"":6,""cpu"":6,""encoder"":6}",,,,,,,
0.14484,vehicle,veh-2,veh-2:cpu,cpu,1,0,0,0,0.0,0.0,0,1.2871408,0,268435456,"{""accelerator"":0,""cpu"":0,""encoder"":0}","{""accelerator"":6,""cpu"":6,""encoder"":6}",,,,,,,
0.14484,vehicle,veh-2,veh-2:encoder,encoder,1,0,0,0,0.0,0.0,0,1.2871408,0,268435456,"{""accelerator"":0,""cpu"":0,""encoder"":0}","{""accelerator"":6,""cpu"":6,""encoder"":6}",,,,,,,
0.14484,rsu,rsu-1,rsu-1:ingress,rsu_ingress_cpu,1,0,0,0,0.0,0.0,0,10.428479999999999,,,,,0,16,0,8589934592,0.0,30.0,False
0.14484,rsu,rsu-1,rsu-1:gpu,rsu_gpu,2,0,0,0,0.0,0.0,0,10.428479999999999,,,,,0,16,0,8589934592,0.0,30.0,False
0.14484,rsu,rsu-2,rsu-2:ingress,rsu_ingress_cpu,1,0,0,0,0.0,0.0,0,8.40072,,,,,0,10,0,6442450944,0.0,18.0,False
0.14484,rsu,rsu-2,rsu-2:gpu,rsu_gpu,1,0,0,0,0.0,0.0,0,8.40072,,,,,0,10,0,6442450944,0.0,18.0,False
0.14564,vehicle,veh-1,veh-1:accelerator,accelerator,1,0,1,0.009160000000000015,0.04483999999999999,0.30788244987640756,1,1.7035459999999993,230686720,536870912,"{""accelerator"":1,""cpu"":0,""encoder"":0}","{""accelerator"":8,""cpu"":8,""encoder"":8}",,,,,,,
0.14564,vehicle,veh-1,veh-1:cpu,cpu,1,0,0,0,0.0,0.0,0,1.7035459999999993,230686720,536870912,"{""accelerator"":1,""cpu"":0,""encoder"":0}","{""accelerator"":8,""cpu"":8,""encoder"":8}",,,,,,,
0.14564,vehicle,veh-1,veh-1:encoder,encoder,1,0,0,0,0.0,0.0,0,1.7035459999999993,230686720,536870912,"{""accelerator"":1,""cpu"":0,""encoder"":0}","{""accelerator"":8,""cpu"":8,""encoder"":8}",,,,,,,
0.14564,vehicle,veh-2,veh-2:accelerator,accelerator,1,0,1,0.0671,0.04483999999999999,0.30788244987640756,1,1.2924368,230686720,268435456,"{""accelerator"":1,""cpu"":0,""encoder"":0}","{""accelerator"":6,""cpu"":6,""encoder"":6}",,,,,,,
0.14564,vehicle,veh-2,veh-2:cpu,cpu,1,0,0,0,0.0,0.0,0,1.2924368,230686720,268435456,"{""accelerator"":1,""cpu"":0,""encoder"":0}","{""accelerator"":6,""cpu"":6,""encoder"":6}",,,,,,,
0.14564,vehicle,veh-2,veh-2:encoder,encoder,1,0,0,0,0.0,0.0,0,1.2924368,230686720,268435456,"{""accelerator"":1,""cpu"":0,""encoder"":0}","{""accelerator"":6,""cpu"":6,""encoder"":6}",,,,,,,
0.14564,rsu,rsu-1,rsu-1:ingress,rsu_ingress_cpu,1,0,0,0,0.0,0.0,0,10.486079999999998,,,,,0,16,0,8589934592,0.0,30.0,False
0.14564,rsu,rsu-1,rsu-1:gpu,rsu_gpu,2,0,0,0,0.0,0.0,0,10.486079999999998,,,,,0,16,0,8589934592,0.0,30.0,False
0.14564,rsu,rsu-2,rsu-2:ingress,rsu_ingress_cpu,1,0,0,0,0.0,0.0,0,8.44712,,,,,0,10,0,6442450944,0.0,18.0,False
0.14564,rsu,rsu-2,rsu-2:gpu,rsu_gpu,1,0,0,0,0.0,0.0,0,8.44712,,,,,0,10,0,6442450944,0.0,18.0,False
0.1548,vehicle,veh-1,veh-1:accelerator,accelerator,1,0,0,0,0.05399999999999999,0.34883720930232553,1,1.8881199999999994,0,536870912,"{""accelerator"":0,""cpu"":0,""encoder"":0}","{""accelerator"":8,""cpu"":8,""encoder"":8}",,,,,,,
0.1548,vehicle,veh-1,veh-1:cpu,cpu,1,0,0,0,0.0,0.0,0,1.8881199999999994,0,536870912,"{""accelerator"":0,""cpu"":0,""encoder"":0}","{""accelerator"":8,""cpu"":8,""encoder"":8}",,,,,,,
0.1548,vehicle,veh-1,veh-1:encoder,encoder,1,0,0,0,0.0,0.0,0,1.8881199999999994,0,536870912,"{""accelerator"":0,""cpu"":0,""encoder"":0}","{""accelerator"":8,""cpu"":8,""encoder"":8}",,,,,,,
0.1548,vehicle,veh-2,veh-2:accelerator,accelerator,1,0,1,0.057940000000000005,0.05399999999999999,0.34883720930232553,1,1.424524,230686720,268435456,"{""accelerator"":1,""cpu"":0,""encoder"":0}","{""accelerator"":6,""cpu"":6,""encoder"":6}",,,,,,,
0.1548,vehicle,veh-2,veh-2:cpu,cpu,1,0,0,0,0.0,0.0,0,1.424524,230686720,268435456,"{""accelerator"":1,""cpu"":0,""encoder"":0}","{""accelerator"":6,""cpu"":6,""encoder"":6}",,,,,,,
0.1548,vehicle,veh-2,veh-2:encoder,encoder,1,0,0,0,0.0,0.0,0,1.424524,230686720,268435456,"{""accelerator"":1,""cpu"":0,""encoder"":0}","{""accelerator"":6,""cpu"":6,""encoder"":6}",,,,,,,
0.1548,rsu,rsu-1,rsu-1:ingress,rsu_ingress_cpu,1,0,0,0,0.0,0.0,0,11.145599999999998,,,,,0,16,0,8589934592,0.0,30.0,False
0.1548,rsu,rsu-1,rsu-1:gpu,rsu_gpu,2,0,0,0,0.0,0.0,0,11.145599999999998,,,,,0,16,0,8589934592,0.0,30.0,False
0.1548,rsu,rsu-2,rsu-2:ingress,rsu_ingress_cpu,1,0,0,0,0.0,0.0,0,8.9784,,,,,0,10,0,6442450944,0.0,18.0,False
0.1548,rsu,rsu-2,rsu-2:gpu,rsu_gpu,1,0,0,0,0.0,0.0,0,8.9784,,,,,0,10,0,6442450944,0.0,18.0,False
0.21273999999999998,vehicle,veh-1,veh-1:accelerator,accelerator,1,0,0,0,0.05399999999999999,0.2538309673780201,1,2.3516399999999993,0,536870912,"{""accelerator"":0,""cpu"":0,""encoder"":0}","{""accelerator"":8,""cpu"":8,""encoder"":8}",,,,,,,
0.21273999999999998,vehicle,veh-1,veh-1:cpu,cpu,1,0,0,0,0.0,0.0,0,2.3516399999999993,0,536870912,"{""accelerator"":0,""cpu"":0,""encoder"":0}","{""accelerator"":8,""cpu"":8,""encoder"":8}",,,,,,,
0.21273999999999998,vehicle,veh-1,veh-1:encoder,encoder,1,0,0,0,0.0,0.0,0,2.3516399999999993,0,536870912,"{""accelerator"":0,""cpu"":0,""encoder"":0}","{""accelerator"":8,""cpu"":8,""encoder"":8}",,,,,,,
0.21273999999999998,vehicle,veh-2,veh-2:accelerator,accelerator,1,0,0,0,0.11193999999999998,0.5261821942276957,1,2.2600187999999997,0,268435456,"{""accelerator"":0,""cpu"":0,""encoder"":0}","{""accelerator"":6,""cpu"":6,""encoder"":6}",,,,,,,
0.21273999999999998,vehicle,veh-2,veh-2:cpu,cpu,1,0,0,0,0.0,0.0,0,2.2600187999999997,0,268435456,"{""accelerator"":0,""cpu"":0,""encoder"":0}","{""accelerator"":6,""cpu"":6,""encoder"":6}",,,,,,,
0.21273999999999998,vehicle,veh-2,veh-2:encoder,encoder,1,0,0,0,0.0,0.0,0,2.2600187999999997,0,268435456,"{""accelerator"":0,""cpu"":0,""encoder"":0}","{""accelerator"":6,""cpu"":6,""encoder"":6}",,,,,,,
0.21273999999999998,rsu,rsu-1,rsu-1:ingress,rsu_ingress_cpu,1,0,0,0,0.0,0.0,0,15.317279999999997,,,,,0,16,0,8589934592,0.0,30.0,False
0.21273999999999998,rsu,rsu-1,rsu-1:gpu,rsu_gpu,2,0,0,0,0.0,0.0,0,15.317279999999997,,,,,0,16,0,8589934592,0.0,30.0,False
0.21273999999999998,rsu,rsu-2,rsu-2:ingress,rsu_ingress_cpu,1,0,0,0,0.0,0.0,0,12.33892,,,,,0,10,0,6442450944,0.0,18.0,False
0.21273999999999998,rsu,rsu-2,rsu-2:gpu,rsu_gpu,1,0,0,0,0.0,0.0,0,12.33892,,,,,0,10,0,6442450944,0.0,18.0,False
0.72,vehicle,veh-1,veh-1:accelerator,accelerator,1,0,1,0.02478,0.05399999999999999,0.075,1,6.40972,50331648,536870912,"{""accelerator"":1,""cpu"":0,""encoder"":0}","{""accelerator"":8,""cpu"":8,""encoder"":8}",,,,,,,
0.72,vehicle,veh-1,veh-1:cpu,cpu,1,0,0,0,0.0,0.0,0,6.40972,50331648,536870912,"{""accelerator"":1,""cpu"":0,""encoder"":0}","{""accelerator"":8,""cpu"":8,""encoder"":8}",,,,,,,
0.72,vehicle,veh-1,veh-1:encoder,encoder,1,0,0,0,0.0,0.0,0,6.40972,50331648,536870912,"{""accelerator"":1,""cpu"":0,""encoder"":0}","{""accelerator"":8,""cpu"":8,""encoder"":8}",,,,,,,
0.72,vehicle,veh-2,veh-2:accelerator,accelerator,1,0,0,0,0.11193999999999998,0.1554722222222222,1,5.5572088,0,268435456,"{""accelerator"":0,""cpu"":0,""encoder"":0}","{""accelerator"":6,""cpu"":6,""encoder"":6}",,,,,,,
0.72,vehicle,veh-2,veh-2:cpu,cpu,1,0,0,0,0.0,0.0,0,5.5572088,0,268435456,"{""accelerator"":0,""cpu"":0,""encoder"":0}","{""accelerator"":6,""cpu"":6,""encoder"":6}",,,,,,,
0.72,vehicle,veh-2,veh-2:encoder,encoder,1,0,0,0,0.0,0.0,0,5.5572088,0,268435456,"{""accelerator"":0,""cpu"":0,""encoder"":0}","{""accelerator"":6,""cpu"":6,""encoder"":6}",,,,,,,
0.72,rsu,rsu-1,rsu-1:ingress,rsu_ingress_cpu,1,0,0,0,0.0,0.0,0,51.84,,,,,0,16,0,8589934592,0.0,30.0,False
0.72,rsu,rsu-1,rsu-1:gpu,rsu_gpu,2,0,0,0,0.0,0.0,0,51.84,,,,,0,16,0,8589934592,0.0,30.0,False
0.72,rsu,rsu-2,rsu-2:ingress,rsu_ingress_cpu,1,0,0,0,0.0,0.0,0,41.760000000000005,,,,,0,10,0,6442450944,0.0,18.0,False
0.72,rsu,rsu-2,rsu-2:gpu,rsu_gpu,1,0,0,0,0.0,0.0,0,41.760000000000005,,,,,0,10,0,6442450944,0.0,18.0,False
0.74478,vehicle,veh-1,veh-1:accelerator,accelerator,1,0,0,0,0.07878000000000002,0.10577620236848467,1,6.900647,0,536870912,"{""accelerator"":0,""cpu"":0,""encoder"":0}","{""accelerator"":8,""cpu"":8,""encoder"":8}",,,,,,,
0.74478,vehicle,veh-1,veh-1:cpu,cpu,1,0,0,0,0.0,0.0,0,6.900647,0,536870912,"{""accelerator"":0,""cpu"":0,""encoder"":0}","{""accelerator"":8,""cpu"":8,""encoder"":8}",,,,,,,
0.74478,vehicle,veh-1,veh-1:encoder,encoder,1,0,0,0,0.0,0.0,0,6.900647,0,536870912,"{""accelerator"":0,""cpu"":0,""encoder"":0}","{""accelerator"":8,""cpu"":8,""encoder"":8}",,,,,,,
0.74478,vehicle,veh-2,veh-2:accelerator,accelerator,1,0,0,0,0.11193999999999998,0.1502994172775853,1,5.7182788,0,268435456,"{""accelerator"":0,""cpu"":0,""encoder"":0}","{""accelerator"":6,""cpu"":6,""encoder"":6}",,,,,,,
0.74478,vehicle,veh-2,veh-2:cpu,cpu,1,0,0,0,0.0,0.0,0,5.7182788,0,268435456,"{""accelerator"":0,""cpu"":0,""encoder"":0}","{""accelerator"":6,""cpu"":6,""encoder"":6}",,,,,,,
0.74478,vehicle,veh-2,veh-2:encoder,encoder,1,0,0,0,0.0,0.0,0,5.7182788,0,268435456,"{""accelerator"":0,""cpu"":0,""encoder"":0}","{""accelerator"":6,""cpu"":6,""encoder"":6}",,,,,,,
0.74478,rsu,rsu-1,rsu-1:ingress,rsu_ingress_cpu,1,0,0,0,0.0,0.0,0,53.62416,,,,,0,16,0,8589934592,0.0,30.0,False
0.74478,rsu,rsu-1,rsu-1:gpu,rsu_gpu,2,0,0,0,0.0,0.0,0,53.62416,,,,,0,16,0,8589934592,0.0,30.0,False
0.74478,rsu,rsu-2,rsu-2:ingress,rsu_ingress_cpu,1,0,0,0,0.0,0.0,0,43.19724000000001,,,,,0,10,0,6442450944,0.0,18.0,False
0.74478,rsu,rsu-2,rsu-2:gpu,rsu_gpu,1,0,0,0,0.0,0.0,0,43.19724000000001,,,,,0,10,0,6442450944,0.0,18.0,False
0.74558,vehicle,veh-1,veh-1:accelerator,accelerator,1,0,1,0.033,0.07878000000000002,0.10566270554467665,1,6.907167,230686720,536870912,"{""accelerator"":1,""cpu"":0,""encoder"":0}","{""accelerator"":8,""cpu"":8,""encoder"":8}",,,,,,,
0.74558,vehicle,veh-1,veh-1:cpu,cpu,1,0,0,0,0.0,0.0,0,6.907167,230686720,536870912,"{""accelerator"":1,""cpu"":0,""encoder"":0}","{""accelerator"":8,""cpu"":8,""encoder"":8}",,,,,,,
0.74558,vehicle,veh-1,veh-1:encoder,encoder,1,0,0,0,0.0,0.0,0,6.907167,230686720,536870912,"{""accelerator"":1,""cpu"":0,""encoder"":0}","{""accelerator"":8,""cpu"":8,""encoder"":8}",,,,,,,
0.74558,vehicle,veh-2,veh-2:accelerator,accelerator,1,0,0,0,0.11193999999999998,0.15013814748249682,1,5.7234788000000005,0,268435456,"{""accelerator"":0,""cpu"":0,""encoder"":0}","{""accelerator"":6,""cpu"":6,""encoder"":6}",,,,,,,
0.74558,vehicle,veh-2,veh-2:cpu,cpu,1,0,0,0,0.0,0.0,0,5.7234788000000005,0,268435456,"{""accelerator"":0,""cpu"":0,""encoder"":0}","{""accelerator"":6,""cpu"":6,""encoder"":6}",,,,,,,
0.74558,vehicle,veh-2,veh-2:encoder,encoder,1,0,0,0,0.0,0.0,0,5.7234788000000005,0,268435456,"{""accelerator"":0,""cpu"":0,""encoder"":0}","{""accelerator"":6,""cpu"":6,""encoder"":6}",,,,,,,
0.74558,rsu,rsu-1,rsu-1:ingress,rsu_ingress_cpu,1,0,0,0,0.0,0.0,0,53.681760000000004,,,,,0,16,0,8589934592,0.0,30.0,False
0.74558,rsu,rsu-1,rsu-1:gpu,rsu_gpu,2,0,0,0,0.0,0.0,0,53.681760000000004,,,,,0,16,0,8589934592,0.0,30.0,False
0.74558,rsu,rsu-2,rsu-2:ingress,rsu_ingress_cpu,1,0,0,0,0.0,0.0,0,43.243640000000006,,,,,0,10,0,6442450944,0.0,18.0,False
0.74558,rsu,rsu-2,rsu-2:gpu,rsu_gpu,1,0,0,0,0.0,0.0,0,43.243640000000006,,,,,0,10,0,6442450944,0.0,18.0,False
0.77858,vehicle,veh-1,veh-1:accelerator,accelerator,1,0,0,0,0.11178000000000005,0.14356906162500968,1,7.572117,0,536870912,"{""accelerator"":0,""cpu"":0,""encoder"":0}","{""accelerator"":8,""cpu"":8,""encoder"":8}",,,,,,,
0.77858,vehicle,veh-1,veh-1:cpu,cpu,1,0,0,0,0.0,0.0,0,7.572117,0,536870912,"{""accelerator"":0,""cpu"":0,""encoder"":0}","{""accelerator"":8,""cpu"":8,""encoder"":8}",,,,,,,
0.77858,vehicle,veh-1,veh-1:encoder,encoder,1,0,0,0,0.0,0.0,0,7.572117,0,536870912,"{""accelerator"":0,""cpu"":0,""encoder"":0}","{""accelerator"":8,""cpu"":8,""encoder"":8}",,,,,,,
0.77858,vehicle,veh-2,veh-2:accelerator,accelerator,1,0,0,0,0.11193999999999998,0.14377456394975466,1,5.937978800000001,0,268435456,"{""accelerator"":0,""cpu"":0,""encoder"":0}","{""accelerator"":6,""cpu"":6,""encoder"":6}",,,,,,,
0.77858,vehicle,veh-2,veh-2:cpu,cpu,1,0,0,0,0.0,0.0,0,5.937978800000001,0,268435456,"{""accelerator"":0,""cpu"":0,""encoder"":0}","{""accelerator"":6,""cpu"":6,""encoder"":6}",,,,,,,
0.77858,vehicle,veh-2,veh-2:encoder,encoder,1,0,0,0,0.0,0.0,0,5.937978800000001,0,268435456,"{""accelerator"":0,""cpu"":0,""encoder"":0}","{""accelerator"":6,""cpu"":6,""encoder"":6}",,,,,,,
0.77858,rsu,rsu-1,rsu-1:ingress,rsu_ingress_cpu,1,0,0,0,0.0,0.0,0,56.05776000000001,,,,,0,16,0,8589934592,0.0,30.0,False
0.77858,rsu,rsu-1,rsu-1:gpu,rsu_gpu,2,0,0,0,0.0,0.0,0,56.05776000000001,,,,,0,16,0,8589934592,0.0,30.0,False
0.77858,rsu,rsu-2,rsu-2:ingress,rsu_ingress_cpu,1,0,0,0,0.0,0.0,0,45.15764000000001,,,,,0,10,0,6442450944,0.0,18.0,False
0.77858,rsu,rsu-2,rsu-2:gpu,rsu_gpu,1,0,0,0,0.0,0.0,0,45.15764000000001,,,,,0,10,0,6442450944,0.0,18.0,False
1.0,vehicle,veh-1,veh-1:accelerator,accelerator,1,0,0,0,0.11178000000000005,0.11178000000000005,1,9.343477,0,536870912,"{""accelerator"":0,""cpu"":0,""encoder"":0}","{""accelerator"":8,""cpu"":8,""encoder"":8}",,,,,,,
1.0,vehicle,veh-1,veh-1:cpu,cpu,1,0,0,0,0.0,0.0,0,9.343477,0,536870912,"{""accelerator"":0,""cpu"":0,""encoder"":0}","{""accelerator"":8,""cpu"":8,""encoder"":8}",,,,,,,
1.0,vehicle,veh-1,veh-1:encoder,encoder,1,0,0,0,0.0,0.0,0,9.343477,0,536870912,"{""accelerator"":0,""cpu"":0,""encoder"":0}","{""accelerator"":8,""cpu"":8,""encoder"":8}",,,,,,,
1.0,vehicle,veh-2,veh-2:accelerator,accelerator,1,0,0,0,0.11193999999999998,0.11193999999999998,1,7.3772088,0,268435456,"{""accelerator"":0,""cpu"":0,""encoder"":0}","{""accelerator"":6,""cpu"":6,""encoder"":6}",,,,,,,
1.0,vehicle,veh-2,veh-2:cpu,cpu,1,0,0,0,0.0,0.0,0,7.3772088,0,268435456,"{""accelerator"":0,""cpu"":0,""encoder"":0}","{""accelerator"":6,""cpu"":6,""encoder"":6}",,,,,,,
1.0,vehicle,veh-2,veh-2:encoder,encoder,1,0,0,0,0.0,0.0,0,7.3772088,0,268435456,"{""accelerator"":0,""cpu"":0,""encoder"":0}","{""accelerator"":6,""cpu"":6,""encoder"":6}",,,,,,,
1.0,rsu,rsu-1,rsu-1:ingress,rsu_ingress_cpu,1,0,0,0,0.0,0.0,0,72.0,,,,,0,16,0,8589934592,0.0,30.0,False
1.0,rsu,rsu-1,rsu-1:gpu,rsu_gpu,2,0,0,0,0.0,0.0,0,72.0,,,,,0,16,0,8589934592,0.0,30.0,False
1.0,rsu,rsu-2,rsu-2:ingress,rsu_ingress_cpu,1,0,0,0,0.0,0.0,0,58.00000000000001,,,,,0,10,0,6442450944,0.0,18.0,False
1.0,rsu,rsu-2,rsu-2:gpu,rsu_gpu,1,0,0,0,0.0,0.0,0,58.00000000000001,,,,,0,10,0,6442450944,0.0,18.0,False
1.25,vehicle,veh-1,veh-1:accelerator,accelerator,1,0,0,0,0.11178000000000005,0.08942400000000003,1,11.343477,0,536870912,"{""accelerator"":0,""cpu"":0,""encoder"":0}","{""accelerator"":8,""cpu"":8,""encoder"":8}",,,,,,,
1.25,vehicle,veh-1,veh-1:cpu,cpu,1,0,0,0,0.0,0.0,0,11.343477,0,536870912,"{""accelerator"":0,""cpu"":0,""encoder"":0}","{""accelerator"":8,""cpu"":8,""encoder"":8}",,,,,,,
1.25,vehicle,veh-1,veh-1:encoder,encoder,1,0,0,0,0.0,0.0,0,11.343477,0,536870912,"{""accelerator"":0,""cpu"":0,""encoder"":0}","{""accelerator"":8,""cpu"":8,""encoder"":8}",,,,,,,
1.25,vehicle,veh-2,veh-2:accelerator,accelerator,1,0,0,0,0.11193999999999998,0.08955199999999999,1,9.0022088,0,268435456,"{""accelerator"":0,""cpu"":0,""encoder"":0}","{""accelerator"":6,""cpu"":6,""encoder"":6}",,,,,,,
1.25,vehicle,veh-2,veh-2:cpu,cpu,1,0,0,0,0.0,0.0,0,9.0022088,0,268435456,"{""accelerator"":0,""cpu"":0,""encoder"":0}","{""accelerator"":6,""cpu"":6,""encoder"":6}",,,,,,,
1.25,vehicle,veh-2,veh-2:encoder,encoder,1,0,0,0,0.0,0.0,0,9.0022088,0,268435456,"{""accelerator"":0,""cpu"":0,""encoder"":0}","{""accelerator"":6,""cpu"":6,""encoder"":6}",,,,,,,
1.25,rsu,rsu-1,rsu-1:ingress,rsu_ingress_cpu,1,0,0,0,0.0,0.0,0,90.0,,,,,0,16,0,8589934592,0.0,30.0,False
1.25,rsu,rsu-1,rsu-1:gpu,rsu_gpu,2,0,0,0,0.0,0.0,0,90.0,,,,,0,16,0,8589934592,0.0,30.0,False
1.25,rsu,rsu-2,rsu-2:ingress,rsu_ingress_cpu,1,0,0,0,0.0,0.0,0,72.5,,,,,0,10,0,6442450944,0.0,18.0,False
1.25,rsu,rsu-2,rsu-2:gpu,rsu_gpu,1,0,0,0,0.0,0.0,0,72.5,,,,,0,10,0,6442450944,0.0,18.0,False
1.4,vehicle,veh-1,veh-1:accelerator,accelerator,1,0,0,0,0.11178000000000005,0.07984285714285719,1,12.543477,0,536870912,"{""accelerator"":0,""cpu"":0,""encoder"":0}","{""accelerator"":8,""cpu"":8,""encoder"":8}",,,,,,,
1.4,vehicle,veh-1,veh-1:cpu,cpu,1,0,0,0,0.0,0.0,0,12.543477,0,536870912,"{""accelerator"":0,""cpu"":0,""encoder"":0}","{""accelerator"":8,""cpu"":8,""encoder"":8}",,,,,,,
1.4,vehicle,veh-1,veh-1:encoder,encoder,1,0,0,0,0.0,0.0,0,12.543477,0,536870912,"{""accelerator"":0,""cpu"":0,""encoder"":0}","{""accelerator"":8,""cpu"":8,""encoder"":8}",,,,,,,
1.4,vehicle,veh-2,veh-2:accelerator,accelerator,1,0,0,0,0.11193999999999998,0.07995714285714285,1,9.9772088,0,268435456,"{""accelerator"":0,""cpu"":0,""encoder"":0}","{""accelerator"":6,""cpu"":6,""encoder"":6}",,,,,,,
1.4,vehicle,veh-2,veh-2:cpu,cpu,1,0,0,0,0.0,0.0,0,9.9772088,0,268435456,"{""accelerator"":0,""cpu"":0,""encoder"":0}","{""accelerator"":6,""cpu"":6,""encoder"":6}",,,,,,,
1.4,vehicle,veh-2,veh-2:encoder,encoder,1,0,0,0,0.0,0.0,0,9.9772088,0,268435456,"{""accelerator"":0,""cpu"":0,""encoder"":0}","{""accelerator"":6,""cpu"":6,""encoder"":6}",,,,,,,
1.4,rsu,rsu-1,rsu-1:ingress,rsu_ingress_cpu,1,0,0,0,0.0,0.0,0,100.8,,,,,0,16,0,8589934592,0.0,30.0,False
1.4,rsu,rsu-1,rsu-1:gpu,rsu_gpu,2,0,0,0,0.0,0.0,0,100.8,,,,,0,16,0,8589934592,0.0,30.0,False
1.4,rsu,rsu-2,rsu-2:ingress,rsu_ingress_cpu,1,0,0,0,0.0,0.0,0,81.19999999999999,,,,,0,10,0,6442450944,0.0,18.0,False
1.4,rsu,rsu-2,rsu-2:gpu,rsu_gpu,1,0,0,0,0.0,0.0,0,81.19999999999999,,,,,0,10,0,6442450944,0.0,18.0,False
1.42,vehicle,veh-1,veh-1:accelerator,accelerator,1,0,0,0,0.11178000000000005,0.07871830985915497,1,12.703477,0,536870912,"{""accelerator"":0,""cpu"":0,""encoder"":0}","{""accelerator"":8,""cpu"":8,""encoder"":8}",,,,,,,
1.42,vehicle,veh-1,veh-1:cpu,cpu,1,0,0,0,0.0,0.0,0,12.703477,0,536870912,"{""accelerator"":0,""cpu"":0,""encoder"":0}","{""accelerator"":8,""cpu"":8,""encoder"":8}",,,,,,,
1.42,vehicle,veh-1,veh-1:encoder,encoder,1,0,0,0,0.0,0.0,0,12.703477,0,536870912,"{""accelerator"":0,""cpu"":0,""encoder"":0}","{""accelerator"":8,""cpu"":8,""encoder"":8}",,,,,,,
1.42,vehicle,veh-2,veh-2:accelerator,accelerator,1,0,1,0.038,0.11193999999999998,0.07883098591549295,1,10.1072088,50331648,268435456,"{""accelerator"":1,""cpu"":0,""encoder"":0}","{""accelerator"":6,""cpu"":6,""encoder"":6}",,,,,,,
1.42,vehicle,veh-2,veh-2:cpu,cpu,1,0,0,0,0.0,0.0,0,10.1072088,50331648,268435456,"{""accelerator"":1,""cpu"":0,""encoder"":0}","{""accelerator"":6,""cpu"":6,""encoder"":6}",,,,,,,
1.42,vehicle,veh-2,veh-2:encoder,encoder,1,0,0,0,0.0,0.0,0,10.1072088,50331648,268435456,"{""accelerator"":1,""cpu"":0,""encoder"":0}","{""accelerator"":6,""cpu"":6,""encoder"":6}",,,,,,,
1.42,rsu,rsu-1,rsu-1:ingress,rsu_ingress_cpu,1,0,0,0,0.0,0.0,0,102.24,,,,,0,16,0,8589934592,0.0,30.0,False
1.42,rsu,rsu-1,rsu-1:gpu,rsu_gpu,2,0,0,0,0.0,0.0,0,102.24,,,,,0,16,0,8589934592,0.0,30.0,False
1.42,rsu,rsu-2,rsu-2:ingress,rsu_ingress_cpu,1,0,0,0,0.0,0.0,0,82.35999999999999,,,,,0,10,0,6442450944,0.0,18.0,False
1.42,rsu,rsu-2,rsu-2:gpu,rsu_gpu,1,0,0,0,0.0,0.0,0,82.35999999999999,,,,,0,10,0,6442450944,0.0,18.0,False
1.458,vehicle,veh-1,veh-1:accelerator,accelerator,1,0,0,0,0.11178000000000005,0.0766666666666667,1,13.007477,0,536870912,"{""accelerator"":0,""cpu"":0,""encoder"":0}","{""accelerator"":8,""cpu"":8,""encoder"":8}",,,,,,,
1.458,vehicle,veh-1,veh-1:cpu,cpu,1,0,0,0,0.0,0.0,0,13.007477,0,536870912,"{""accelerator"":0,""cpu"":0,""encoder"":0}","{""accelerator"":8,""cpu"":8,""encoder"":8}",,,,,,,
1.458,vehicle,veh-1,veh-1:encoder,encoder,1,0,0,0,0.0,0.0,0,13.007477,0,536870912,"{""accelerator"":0,""cpu"":0,""encoder"":0}","{""accelerator"":8,""cpu"":8,""encoder"":8}",,,,,,,
1.458,vehicle,veh-2,veh-2:accelerator,accelerator,1,0,0,0,0.14994000000000002,0.10283950617283952,1,10.6477688,0,268435456,"{""accelerator"":0,""cpu"":0,""encoder"":0}","{""accelerator"":6,""cpu"":6,""encoder"":6}",,,,,,,
1.458,vehicle,veh-2,veh-2:cpu,cpu,1,0,0,0,0.0,0.0,0,10.6477688,0,268435456,"{""accelerator"":0,""cpu"":0,""encoder"":0}","{""accelerator"":6,""cpu"":6,""encoder"":6}",,,,,,,
1.458,vehicle,veh-2,veh-2:encoder,encoder,1,0,0,0,0.0,0.0,0,10.6477688,0,268435456,"{""accelerator"":0,""cpu"":0,""encoder"":0}","{""accelerator"":6,""cpu"":6,""encoder"":6}",,,,,,,
1.458,rsu,rsu-1,rsu-1:ingress,rsu_ingress_cpu,1,0,0,0,0.0,0.0,0,104.976,,,,,0,16,0,8589934592,0.0,30.0,False
1.458,rsu,rsu-1,rsu-1:gpu,rsu_gpu,2,0,0,0,0.0,0.0,0,104.976,,,,,0,16,0,8589934592,0.0,30.0,False
1.458,rsu,rsu-2,rsu-2:ingress,rsu_ingress_cpu,1,0,0,0,0.0,0.0,0,84.564,,,,,0,10,0,6442450944,0.0,18.0,False
1.458,rsu,rsu-2,rsu-2:gpu,rsu_gpu,1,0,0,0,0.0,0.0,0,84.564,,,,,0,10,0,6442450944,0.0,18.0,False
1.4587999999999999,vehicle,veh-1,veh-1:accelerator,accelerator,1,0,0,0,0.11178000000000005,0.07662462297779,1,13.013876999999999,0,536870912,"{""accelerator"":0,""cpu"":0,""encoder"":0}","{""accelerator"":8,""cpu"":8,""encoder"":8}",,,,,,,
1.4587999999999999,vehicle,veh-1,veh-1:cpu,cpu,1,0,0,0,0.0,0.0,0,13.013876999999999,0,536870912,"{""accelerator"":0,""cpu"":0,""encoder"":0}","{""accelerator"":8,""cpu"":8,""encoder"":8}",,,,,,,
1.4587999999999999,vehicle,veh-1,veh-1:encoder,encoder,1,0,0,0,0.0,0.0,0,13.013876999999999,0,536870912,"{""accelerator"":0,""cpu"":0,""encoder"":0}","{""accelerator"":8,""cpu"":8,""encoder"":8}",,,,,,,
1.4587999999999999,vehicle,veh-2,veh-2:accelerator,accelerator,1,0,1,0.075503002,0.14994000000000002,0.10278310940499043,1,10.6530648,100663296,268435456,"{""accelerator"":1,""cpu"":1,""encoder"":1}","{""accelerator"":6,""cpu"":6,""encoder"":6}",,,,,,,
1.4587999999999999,vehicle,veh-2,veh-2:cpu,cpu,1,0,0,0,0.0,0.0,0,10.6530648,100663296,268435456,"{""accelerator"":1,""cpu"":1,""encoder"":1}","{""accelerator"":6,""cpu"":6,""encoder"":6}",,,,,,,
1.4587999999999999,vehicle,veh-2,veh-2:encoder,encoder,1,0,0,0,0.0,0.0,0,10.6530648,100663296,268435456,"{""accelerator"":1,""cpu"":1,""encoder"":1}","{""accelerator"":6,""cpu"":6,""encoder"":6}",,,,,,,
1.4587999999999999,rsu,rsu-1,rsu-1:ingress,rsu_ingress_cpu,1,0,0,0,0.0,0.0,0,105.03359999999999,,,,,0,16,0,8589934592,0.0,30.0,False
1.4587999999999999,rsu,rsu-1,rsu-1:gpu,rsu_gpu,2,0,0,0,0.0,0.0,0,105.03359999999999,,,,,0,16,0,8589934592,0.0,30.0,False
1.4587999999999999,rsu,rsu-2,rsu-2:ingress,rsu_ingress_cpu,1,0,0,0,0.0,0.0,0,84.61039999999998,,,,,0,10,0,6442450944,0.0,18.0,False
1.4587999999999999,rsu,rsu-2,rsu-2:gpu,rsu_gpu,1,0,0,0,0.0,0.0,0,84.61039999999998,,,,,0,10,0,6442450944,0.0,18.0,False
1.534303002,vehicle,veh-1,veh-1:accelerator,accelerator,1,0,0,0,0.11178000000000005,0.07285392771459888,1,13.617901016,0,536870912,"{""accelerator"":0,""cpu"":0,""encoder"":0}","{""accelerator"":8,""cpu"":8,""encoder"":8}",,,,,,,
1.534303002,vehicle,veh-1,veh-1:cpu,cpu,1,0,0,0,0.0,0.0,0,13.617901016,0,536870912,"{""accelerator"":0,""cpu"":0,""encoder"":0}","{""accelerator"":8,""cpu"":8,""encoder"":8}",,,,,,,
1.534303002,vehicle,veh-1,veh-1:encoder,encoder,1,0,0,0,0.0,0.0,0,13.617901016,0,536870912,"{""accelerator"":0,""cpu"":0,""encoder"":0}","{""accelerator"":8,""cpu"":8,""encoder"":8}",,,,,,,
1.534303002,vehicle,veh-2,veh-2:accelerator,accelerator,1,0,0,0,0.22544300200000006,0.14693512409617254,1,11.832421690239999,100663296,268435456,"{""accelerator"":1,""cpu"":1,""encoder"":1}","{""accelerator"":6,""cpu"":6,""encoder"":6}",,,,,,,
1.534303002,vehicle,veh-2,veh-2:cpu,cpu,1,0,1,0.008,0.0,0.0,1,11.832421690239999,100663296,268435456,"{""accelerator"":1,""cpu"":1,""encoder"":1}","{""accelerator"":6,""cpu"":6,""encoder"":6}",,,,,,,
1.534303002,vehicle,veh-2,veh-2:encoder,encoder,1,0,0,0,0.0,0.0,0,11.832421690239999,100663296,268435456,"{""accelerator"":1,""cpu"":1,""encoder"":1}","{""accelerator"":6,""cpu"":6,""encoder"":6}",,,,,,,
1.534303002,rsu,rsu-1,rsu-1:ingress,rsu_ingress_cpu,1,0,0,0,0.0,0.0,0,110.46981614399999,,,,,0,16,0,8589934592,0.0,30.0,False
1.534303002,rsu,rsu-1,rsu-1:gpu,rsu_gpu,2,0,0,0,0.0,0.0,0,110.46981614399999,,,,,0,16,0,8589934592,0.0,30.0,False
1.534303002,rsu,rsu-2,rsu-2:ingress,rsu_ingress_cpu,1,0,0,0,0.0,0.0,0,88.98957411599999,,,,,0,10,0,6442450944,0.0,18.0,False
1.534303002,rsu,rsu-2,rsu-2:gpu,rsu_gpu,1,0,0,0,0.0,0.0,0,88.98957411599999,,,,,0,10,0,6442450944,0.0,18.0,False
1.542303002,vehicle,veh-1,veh-1:accelerator,accelerator,1,0,0,0,0.11178000000000005,0.07247603088047419,1,13.681901016,0,536870912,"{""accelerator"":0,""cpu"":0,""encoder"":0}","{""accelerator"":8,""cpu"":8,""encoder"":8}",,,,,,,
1.542303002,vehicle,veh-1,veh-1:cpu,cpu,1,0,0,0,0.0,0.0,0,13.681901016,0,536870912,"{""accelerator"":0,""cpu"":0,""encoder"":0}","{""accelerator"":8,""cpu"":8,""encoder"":8}",,,,,,,
1.542303002,vehicle,veh-1,veh-1:encoder,encoder,1,0,0,0,0.0,0.0,0,13.681901016,0,536870912,"{""accelerator"":0,""cpu"":0,""encoder"":0}","{""accelerator"":8,""cpu"":8,""encoder"":8}",,,,,,,
1.542303002,vehicle,veh-2,veh-2:accelerator,accelerator,1,0,0,0,0.22544300200000006,0.1461729645262015,1,11.935381690239998,100663296,268435456,"{""accelerator"":1,""cpu"":1,""encoder"":1}","{""accelerator"":6,""cpu"":6,""encoder"":6}",,,,,,,
1.542303002,vehicle,veh-2,veh-2:cpu,cpu,1,0,0,0,0.008000000000000007,0.005187048193270655,1,11.935381690239998,100663296,268435456,"{""accelerator"":1,""cpu"":1,""encoder"":1}","{""accelerator"":6,""cpu"":6,""encoder"":6}",,,,,,,
1.542303002,vehicle,veh-2,veh-2:encoder,encoder,1,0,1,0.0082,0.0,0.0,1,11.935381690239998,100663296,268435456,"{""accelerator"":1,""cpu"":1,""encoder"":1}","{""accelerator"":6,""cpu"":6,""encoder"":6}",,,,,,,
1.542303002,rsu,rsu-1,rsu-1:ingress,rsu_ingress_cpu,1,0,0,0,0.0,0.0,0,111.04581614399999,,,,,0,16,0,8589934592,0.0,30.0,False
1.542303002,rsu,rsu-1,rsu-1:gpu,rsu_gpu,2,0,0,0,0.0,0.0,0,111.04581614399999,,,,,0,16,0,8589934592,0.0,30.0,False
1.542303002,rsu,rsu-2,rsu-2:ingress,rsu_ingress_cpu,1,0,0,0,0.0,0.0,0,89.45357411599998,,,,,0,10,0,6442450944,0.0,18.0,False
1.542303002,rsu,rsu-2,rsu-2:gpu,rsu_gpu,1,0,0,0,0.0,0.0,0,89.45357411599998,,,,,0,10,0,6442450944,0.0,18.0,False
1.550503002,vehicle,veh-1,veh-1:accelerator,accelerator,1,0,0,0,0.11178000000000005,0.07209273368436861,1,13.747501016,0,536870912,"{""accelerator"":0,""cpu"":0,""encoder"":0}","{""accelerator"":8,""cpu"":8,""encoder"":8}",,,,,,,
1.550503002,vehicle,veh-1,veh-1:cpu,cpu,1,0,0,0,0.0,0.0,0,13.747501016,0,536870912,"{""accelerator"":0,""cpu"":0,""encoder"":0}","{""accelerator"":8,""cpu"":8,""encoder"":8}",,,,,,,
1.550503002,vehicle,veh-1,veh-1:encoder,encoder,1,0,0,0,0.0,0.0,0,13.747501016,0,536870912,"{""accelerator"":0,""cpu"":0,""encoder"":0}","{""accelerator"":8,""cpu"":8,""encoder"":8}",,,,,,,
1.550503002,vehicle,veh-2,veh-2:accelerator,accelerator,1,0,0,0,0.22544300200000006,0.14539991325989066,1,12.04141569024,100663296,268435456,"{""accelerator"":1,""cpu"":1,""encoder"":1}","{""accelerator"":6,""cpu"":6,""encoder"":6}",,,,,,,
1.550503002,vehicle,veh-2,veh-2:cpu,cpu,1,0,0,0,0.008000000000000007,0.005159615937331805,1,12.04141569024,100663296,268435456,"{""accelerator"":1,""cpu"":1,""encoder"":1}","{""accelerator"":6,""cpu"":6,""encoder"":6}",,,,,,,
1.550503002,vehicle,veh-2,veh-2:encoder,encoder,1,0,0,0,0.008199999999999985,0.005288606335765086,1,12.04141569024,100663296,268435456,"{""accelerator"":1,""cpu"":1,""encoder"":1}","{""accelerator"":6,""cpu"":6,""encoder"":6}",,,,,,,
1.550503002,rsu,rsu-1,rsu-1:ingress,rsu_ingress_cpu,1,0,0,0,0.0,0.0,0,111.63621614399999,,,,,0,16,0,8589934592,0.0,30.0,False
1.550503002,rsu,rsu-1,rsu-1:gpu,rsu_gpu,2,0,0,0,0.0,0.0,0,111.63621614399999,,,,,0,16,0,8589934592,0.0,30.0,False
1.550503002,rsu,rsu-2,rsu-2:ingress,rsu_ingress_cpu,1,0,0,0,0.0,0.0,0,89.92917411599998,,,,,0,10,0,6442450944,0.0,18.0,False
1.550503002,rsu,rsu-2,rsu-2:gpu,rsu_gpu,1,0,0,0,0.0,0.0,0,89.92917411599998,,,,,0,10,0,6442450944,0.0,18.0,False
1.5513030019999998,vehicle,veh-1,veh-1:accelerator,accelerator,1,0,0,0,0.11178000000000005,0.07205555578496847,1,13.753901015999999,0,536870912,"{""accelerator"":0,""cpu"":0,""encoder"":0}","{""accelerator"":8,""cpu"":8,""encoder"":8}",,,,,,,
1.5513030019999998,vehicle,veh-1,veh-1:cpu,cpu,1,0,0,0,0.0,0.0,0,13.753901015999999,0,536870912,"{""accelerator"":0,""cpu"":0,""encoder"":0}","{""accelerator"":8,""cpu"":8,""encoder"":8}",,,,,,,
1.5513030019999998,vehicle,veh-1,veh-1:encoder,encoder,1,0,0,0,0.0,0.0,0,13.753901015999999,0,536870912,"{""accelerator"":0,""cpu"":0,""encoder"":0}","{""accelerator"":8,""cpu"":8,""encoder"":8}",,,,,,,
1.5513030019999998,vehicle,veh-2,veh-2:accelerator,accelerator,1,0,0,0,0.22544300200000006,0.14532493117679152,1,12.046711690239999,0,268435456,"{""accelerator"":0,""cpu"":0,""encoder"":0}","{""accelerator"":6,""cpu"":6,""encoder"":6}",,,,,,,
1.5513030019999998,vehicle,veh-2,veh-2:cpu,cpu,1,0,0,0,0.008000000000000007,0.005156955146535588,1,12.046711690239999,0,268435456,"{""accelerator"":0,""cpu"":0,""encoder"":0}","{""accelerator"":6,""cpu"":6,""encoder"":6}",,,,,,,
1.5513030019999998,vehicle,veh-2,veh-2:encoder,encoder,1,0,0,0,0.008199999999999985,0.005285879025198964,1,12.046711690239999,0,268435456,"{""accelerator"":0,""cpu"":0,""encoder"":0}","{""accelerator"":6,""cpu"":6,""encoder"":6}",,,,,,,
1.5513030019999998,rsu,rsu-1,rsu-1:ingress,rsu_ingress_cpu,1,0,0,0,0.0,0.0,0,111.69381614399998,,,,,0,16,0,8589934592,0.0,30.0,False
1.5513030019999998,rsu,rsu-1,rsu-1:gpu,rsu_gpu,2,0,0,0,0.0,0.0,0,111.69381614399998,,,,,0,16,0,8589934592,0.0,30.0,False
1.5513030019999998,rsu,rsu-2,rsu-2:ingress,rsu_ingress_cpu,1,0,0,0,0.0,0.0,0,89.97557411599998,,,,,0,10,0,6442450944,0.0,18.0,False
1.5513030019999998,rsu,rsu-2,rsu-2:gpu,rsu_gpu,1,0,0,0,0.0,0.0,0,89.97557411599998,,,,,0,10,0,6442450944,0.0,18.0,False
1.8,vehicle,veh-1,veh-1:accelerator,accelerator,1,0,0,0,0.11178000000000005,0.06210000000000002,1,15.743477,0,536870912,"{""accelerator"":0,""cpu"":0,""encoder"":0}","{""accelerator"":8,""cpu"":8,""encoder"":8}",,,,,,,
1.8,vehicle,veh-1,veh-1:cpu,cpu,1,0,0,0,0.0,0.0,0,15.743477,0,536870912,"{""accelerator"":0,""cpu"":0,""encoder"":0}","{""accelerator"":8,""cpu"":8,""encoder"":8}",,,,,,,
1.8,vehicle,veh-1,veh-1:encoder,encoder,1,0,0,0,0.0,0.0,0,15.743477,0,536870912,"{""accelerator"":0,""cpu"":0,""encoder"":0}","{""accelerator"":8,""cpu"":8,""encoder"":8}",,,,,,,
1.8,vehicle,veh-2,veh-2:accelerator,accelerator,1,0,0,0,0.22544300200000006,0.12524611222222226,1,13.66324217724,0,268435456,"{""accelerator"":0,""cpu"":0,""encoder"":0}","{""accelerator"":6,""cpu"":6,""encoder"":6}",,,,,,,
1.8,vehicle,veh-2,veh-2:cpu,cpu,1,0,0,0,0.008000000000000007,0.004444444444444448,1,13.66324217724,0,268435456,"{""accelerator"":0,""cpu"":0,""encoder"":0}","{""accelerator"":6,""cpu"":6,""encoder"":6}",,,,,,,
1.8,vehicle,veh-2,veh-2:encoder,encoder,1,0,0,0,0.008199999999999985,0.004555555555555547,1,13.66324217724,0,268435456,"{""accelerator"":0,""cpu"":0,""encoder"":0}","{""accelerator"":6,""cpu"":6,""encoder"":6}",,,,,,,
1.8,rsu,rsu-1,rsu-1:ingress,rsu_ingress_cpu,1,0,0,0,0.0,0.0,0,129.6,,,,,0,16,0,8589934592,0.0,30.0,False
1.8,rsu,rsu-1,rsu-1:gpu,rsu_gpu,2,0,0,0,0.0,0.0,0,129.6,,,,,0,16,0,8589934592,0.0,30.0,False
1.8,rsu,rsu-2,rsu-2:ingress,rsu_ingress_cpu,1,0,0,0,0.0,0.0,0,104.39999999999999,,,,,0,10,0,6442450944,0.0,18.0,False
1.8,rsu,rsu-2,rsu-2:gpu,rsu_gpu,1,0,0,0,0.0,0.0,0,104.39999999999999,,,,,0,10,0,6442450944,0.0,18.0,False
2.5,vehicle,veh-1,veh-1:accelerator,accelerator,1,0,0,0,0.11178000000000005,0.044712000000000016,1,21.343477,0,536870912,"{""accelerator"":0,""cpu"":0,""encoder"":0}","{""accelerator"":8,""cpu"":8,""encoder"":8}",,,,,,,
2.5,vehicle,veh-1,veh-1:cpu,cpu,1,0,0,0,0.0,0.0,0,21.343477,0,536870912,"{""accelerator"":0,""cpu"":0,""encoder"":0}","{""accelerator"":8,""cpu"":8,""encoder"":8}",,,,,,,
2.5,vehicle,veh-1,veh-1:encoder,encoder,1,0,0,0,0.0,0.0,0,21.343477,0,536870912,"{""accelerator"":0,""cpu"":0,""encoder"":0}","{""accelerator"":8,""cpu"":8,""encoder"":8}",,,,,,,
2.5,vehicle,veh-2,veh-2:accelerator,accelerator,1,0,0,0,0.22544300200000006,0.09017720080000002,1,18.21324217724,0,268435456,"{""accelerator"":0,""cpu"":0,""encoder"":0}","{""accelerator"":6,""cpu"":6,""encoder"":6}",,,,,,,
2.5,vehicle,veh-2,veh-2:cpu,cpu,1,0,0,0,0.008000000000000007,0.0032000000000000028,1,18.21324217724,0,268435456,"{""accelerator"":0,""cpu"":0,""encoder"":0}","{""accelerator"":6,""cpu"":6,""encoder"":6}",,,,,,,
2.5,vehicle,veh-2,veh-2:encoder,encoder,1,0,0,0,0.008199999999999985,0.003279999999999994,1,18.21324217724,0,268435456,"{""accelerator"":0,""cpu"":0,""encoder"":0}","{""accelerator"":6,""cpu"":6,""encoder"":6}",,,,,,,
2.5,rsu,rsu-1,rsu-1:ingress,rsu_ingress_cpu,1,0,0,0,0.0,0.0,0,180.0,,,,,0,16,0,8589934592,0.0,30.0,False
2.5,rsu,rsu-1,rsu-1:gpu,rsu_gpu,2,0,0,0,0.0,0.0,0,180.0,,,,,0,16,0,8589934592,0.0,30.0,False
2.5,rsu,rsu-2,rsu-2:ingress,rsu_ingress_cpu,1,0,0,0,0.0,0.0,0,145.0,,,,,0,10,0,6442450944,0.0,18.0,False
2.5,rsu,rsu-2,rsu-2:gpu,rsu_gpu,1,0,0,0,0.0,0.0,0,145.0,,,,,0,10,0,6442450944,0.0,18.0,False
2.77,vehicle,veh-1,veh-1:accelerator,accelerator,1,0,0,0,0.11178000000000005,0.04035379061371843,1,23.503477,0,536870912,"{""accelerator"":0,""cpu"":0,""encoder"":0}","{""accelerator"":8,""cpu"":8,""encoder"":8}",,,,,,,
2.77,vehicle,veh-1,veh-1:cpu,cpu,1,0,0,0,0.0,0.0,0,23.503477,0,536870912,"{""accelerator"":0,""cpu"":0,""encoder"":0}","{""accelerator"":8,""cpu"":8,""encoder"":8}",,,,,,,
2.77,vehicle,veh-1,veh-1:encoder,encoder,1,0,0,0,0.0,0.0,0,23.503477,0,536870912,"{""accelerator"":0,""cpu"":0,""encoder"":0}","{""accelerator"":8,""cpu"":8,""encoder"":8}",,,,,,,
2.77,vehicle,veh-2,veh-2:accelerator,accelerator,1,0,0,0,0.22544300200000006,0.08138736534296032,1,19.96824217724,0,268435456,"{""accelerator"":0,""cpu"":0,""encoder"":0}","{""accelerator"":6,""cpu"":6,""encoder"":6}",,,,,,,
2.77,vehicle,veh-2,veh-2:cpu,cpu,1,0,0,0,0.008000000000000007,0.0028880866425992804,1,19.96824217724,0,268435456,"{""accelerator"":0,""cpu"":0,""encoder"":0}","{""accelerator"":6,""cpu"":6,""encoder"":6}",,,,,,,
2.77,vehicle,veh-2,veh-2:encoder,encoder,1,0,0,0,0.008199999999999985,0.0029602888086642546,1,19.96824217724,0,268435456,"{""accelerator"":0,""cpu"":0,""encoder"":0}","{""accelerator"":6,""cpu"":6,""encoder"":6}",,,,,,,
2.77,rsu,rsu-1,rsu-1:ingress,rsu_ingress_cpu,1,0,0,0,0.0,0.0,0,199.44,,,,,0,16,0,8589934592,0.0,30.0,False
2.77,rsu,rsu-1,rsu-1:gpu,rsu_gpu,2,0,0,0,0.0,0.0,0,199.44,,,,,0,16,0,8589934592,0.0,30.0,False
2.77,rsu,rsu-2,rsu-2:ingress,rsu_ingress_cpu,1,0,0,0,0.0,0.0,0,160.66,,,,,0,10,0,6442450944,0.0,18.0,False
2.77,rsu,rsu-2,rsu-2:gpu,rsu_gpu,1,0,0,0,0.0,0.0,0,160.66,,,,,0,10,0,6442450944,0.0,18.0,False
2.8,vehicle,veh-1,veh-1:accelerator,accelerator,1,0,1,0.02478,0.11178000000000005,0.039921428571428594,1,23.743477,50331648,536870912,"{""accelerator"":1,""cpu"":0,""encoder"":0}","{""accelerator"":8,""cpu"":8,""encoder"":8}",,,,,,,
2.8,vehicle,veh-1,veh-1:cpu,cpu,1,0,0,0,0.0,0.0,0,23.743477,50331648,536870912,"{""accelerator"":1,""cpu"":0,""encoder"":0}","{""accelerator"":8,""cpu"":8,""encoder"":8}",,,,,,,
2.8,vehicle,veh-1,veh-1:encoder,encoder,1,0,0,0,0.0,0.0,0,23.743477,50331648,536870912,"{""accelerator"":1,""cpu"":0,""encoder"":0}","{""accelerator"":8,""cpu"":8,""encoder"":8}",,,,,,,
2.8,vehicle,veh-2,veh-2:accelerator,accelerator,1,0,0,0,0.22544300200000006,0.08051535785714288,1,20.16324217724,0,268435456,"{""accelerator"":0,""cpu"":0,""encoder"":0}","{""accelerator"":6,""cpu"":6,""encoder"":6}",,,,,,,
2.8,vehicle,veh-2,veh-2:cpu,cpu,1,0,0,0,0.008000000000000007,0.0028571428571428597,1,20.16324217724,0,268435456,"{""accelerator"":0,""cpu"":0,""encoder"":0}","{""accelerator"":6,""cpu"":6,""encoder"":6}",,,,,,,
2.8,vehicle,veh-2,veh-2:encoder,encoder,1,0,0,0,0.008199999999999985,0.0029285714285714236,1,20.16324217724,0,268435456,"{""accelerator"":0,""cpu"":0,""encoder"":0}","{""accelerator"":6,""cpu"":6,""encoder"":6}",,,,,,,
2.8,rsu,rsu-1,rsu-1:ingress,rsu_ingress_cpu,1,0,0,0,0.0,0.0,0,201.6,,,,,0,16,0,8589934592,0.0,30.0,False
2.8,rsu,rsu-1,rsu-1:gpu,rsu_gpu,2,0,0,0,0.0,0.0,0,201.6,,,,,0,16,0,8589934592,0.0,30.0,False
2.8,rsu,rsu-2,rsu-2:ingress,rsu_ingress_cpu,1,0,0,0,0.0,0.0,0,162.39999999999998,,,,,0,10,0,6442450944,0.0,18.0,True
2.8,rsu,rsu-2,rsu-2:gpu,rsu_gpu,1,0,0,0,0.0,0.0,0,162.39999999999998,,,,,0,10,0,6442450944,0.0,18.0,True
2.836441176470588,vehicle,veh-1,veh-1:accelerator,accelerator,1,0,0,0,0.14822117647058836,0.052256037495204265,1,24.329442588235295,0,536870912,"{""accelerator"":0,""cpu"":0,""encoder"":0}","{""accelerator"":8,""cpu"":8,""encoder"":8}",,,,,,,
2.836441176470588,vehicle,veh-1,veh-1:cpu,cpu,1,0,0,0,0.0,0.0,0,24.329442588235295,0,536870912,"{""accelerator"":0,""cpu"":0,""encoder"":0}","{""accelerator"":8,""cpu"":8,""encoder"":8}",,,,,,,
2.836441176470588,vehicle,veh-1,veh-1:encoder,encoder,1,0,0,0,0.0,0.0,0,24.329442588235295,0,536870912,"{""accelerator"":0,""cpu"":0,""encoder"":0}","{""accelerator"":8,""cpu"":8,""encoder"":8}",,,,,,,
2.836441176470588,vehicle,veh-2,veh-2:accelerator,accelerator,1,0,0,0,0.22544300200000006,0.07948093684090464,1,20.400109824298823,0,268435456,"{""accelerator"":0,""cpu"":0,""encoder"":0}","{""accelerator"":6,""cpu"":6,""encoder"":6}",,,,,,,
2.836441176470588,vehicle,veh-2,veh-2:cpu,cpu,1,0,0,0,0.008000000000000007,0.0028204357158411043,1,20.400109824298823,0,268435456,"{""accelerator"":0,""cpu"":0,""encoder"":0}","{""accelerator"":6,""cpu"":6,""encoder"":6}",,,,,,,
2.836441176470588,vehicle,veh-2,veh-2:encoder,encoder,1,0,0,0,0.008199999999999985,0.002890946608737124,1,20.400109824298823,0,268435456,"{""accelerator"":0,""cpu"":0,""encoder"":0}","{""accelerator"":6,""cpu"":6,""encoder"":6}",,,,,,,
2.836441176470588,rsu,rsu-1,rsu-1:ingress,rsu_ingress_cpu,1,0,0,0,0.0,0.0,0,204.22376470588236,,,,,0,16,0,8589934592,0.0,30.0,False
2.836441176470588,rsu,rsu-1,rsu-1:gpu,rsu_gpu,2,0,0,0,0.0,0.0,0,204.22376470588236,,,,,0,16,0,8589934592,0.0,30.0,False
2.836441176470588,rsu,rsu-2,rsu-2:ingress,rsu_ingress_cpu,1,0,0,0,0.0,0.0,0,164.5135882352941,,,,,0,10,0,6442450944,0.0,18.0,True
2.836441176470588,rsu,rsu-2,rsu-2:gpu,rsu_gpu,1,0,0,0,0.0,0.0,0,164.5135882352941,,,,,0,10,0,6442450944,0.0,18.0,True
2.837241176470588,vehicle,veh-1,veh-1:accelerator,accelerator,1,0,1,0.0363,0.14822117647058836,0.05224130317147358,1,24.335962588235294,230686720,536870912,"{""accelerator"":1,""cpu"":0,""encoder"":0}","{""accelerator"":8,""cpu"":8,""encoder"":8}",,,,,,,
2.837241176470588,vehicle,veh-1,veh-1:cpu,cpu,1,0,0,0,0.0,0.0,0,24.335962588235294,230686720,536870912,"{""accelerator"":1,""cpu"":0,""encoder"":0}","{""accelerator"":8,""cpu"":8,""encoder"":8}",,,,,,,
2.837241176470588,vehicle,veh-1,veh-1:encoder,encoder,1,0,0,0,0.0,0.0,0,24.335962588235294,230686720,536870912,"{""accelerator"":1,""cpu"":0,""encoder"":0}","{""accelerator"":8,""cpu"":8,""encoder"":8}",,,,,,,
2.837241176470588,vehicle,veh-2,veh-2:accelerator,accelerator,1,0,0,0,0.22544300200000006,0.0794585260744178,1,20.405309824298822,0,268435456,"{""accelerator"":0,""cpu"":0,""encoder"":0}","{""accelerator"":6,""cpu"":6,""encoder"":6}",,,,,,,
2.837241176470588,vehicle,veh-2,veh-2:cpu,cpu,1,0,0,0,0.008000000000000007,0.002819640454376769,1,20.405309824298822,0,268435456,"{""accelerator"":0,""cpu"":0,""encoder"":0}","{""accelerator"":6,""cpu"":6,""encoder"":6}",,,,,,,
2.837241176470588,vehicle,veh-2,veh-2:encoder,encoder,1,0,0,0,0.008199999999999985,0.0028901314657361803,1,20.405309824298822,0,268435456,"{""accelerator"":0,""cpu"":0,""encoder"":0}","{""accelerator"":6,""cpu"":6,""encoder"":6}",,,,,,,
2.837241176470588,rsu,rsu-1,rsu-1:ingress,rsu_ingress_cpu,1,0,0,0,0.0,0.0,0,204.28136470588237,,,,,0,16,0,8589934592,0.0,30.0,False
2.837241176470588,rsu,rsu-1,rsu-1:gpu,rsu_gpu,2,0,0,0,0.0,0.0,0,204.28136470588237,,,,,0,16,0,8589934592,0.0,30.0,False
2.837241176470588,rsu,rsu-2,rsu-2:ingress,rsu_ingress_cpu,1,0,0,0,0.0,0.0,0,164.5599882352941,,,,,0,10,0,6442450944,0.0,18.0,True
2.837241176470588,rsu,rsu-2,rsu-2:gpu,rsu_gpu,1,0,0,0,0.0,0.0,0,164.5599882352941,,,,,0,10,0,6442450944,0.0,18.0,True
2.8906235294117644,vehicle,veh-1,veh-1:accelerator,accelerator,1,0,0,0,0.20160352941176468,0.0697439591702177,1,25.20662876470588,0,536870912,"{""accelerator"":0,""cpu"":0,""encoder"":0}","{""accelerator"":8,""cpu"":8,""encoder"":8}",,,,,,,
2.8906235294117644,vehicle,veh-1,veh-1:cpu,cpu,1,0,0,0,0.0,0.0,0,25.20662876470588,0,536870912,"{""accelerator"":0,""cpu"":0,""encoder"":0}","{""accelerator"":8,""cpu"":8,""encoder"":8}",,,,,,,
2.8906235294117644,vehicle,veh-1,veh-1:encoder,encoder,1,0,0,0,0.0,0.0,0,25.20662876470588,0,536870912,"{""accelerator"":0,""cpu"":0,""encoder"":0}","{""accelerator"":8,""cpu"":8,""encoder"":8}",,,,,,,
2.8906235294117644,vehicle,veh-2,veh-2:accelerator,accelerator,1,0,0,0,0.22544300200000006,0.07799113226130738,1,20.75229511841647,0,268435456,"{""accelerator"":0,""cpu"":0,""encoder"":0}","{""accelerator"":6,""cpu"":6,""encoder"":6}",,,,,,,
2.8906235294117644,vehicle,veh-2,veh-2:cpu,cpu,1,0,0,0,0.008000000000000007,0.0027675689755517867,1,20.75229511841647,0,268435456,"{""accelerator"":0,""cpu"":0,""encoder"":0}","{""accelerator"":6,""cpu"":6,""encoder"":6}",,,,,,,
2.8906235294117644,vehicle,veh-2,veh-2:encoder,encoder,1,0,0,0,0.008199999999999985,0.0028367581999405736,1,20.75229511841647,0,268435456,"{""accelerator"":0,""cpu"":0,""encoder"":0}","{""accelerator"":6,""cpu"":6,""encoder"":6}",,,,,,,
2.8906235294117644,rsu,rsu-1,rsu-1:ingress,rsu_ingress_cpu,1,0,0,0,0.0,0.0,0,208.12489411764707,,,,,0,16,0,8589934592,0.0,30.0,False
2.8906235294117644,rsu,rsu-1,rsu-1:gpu,rsu_gpu,2,0,0,0,0.0,0.0,0,208.12489411764707,,,,,0,16,0,8589934592,0.0,30.0,False
2.8906235294117644,rsu,rsu-2,rsu-2:ingress,rsu_ingress_cpu,1,0,0,0,0.0,0.0,0,167.65616470588233,,,,,0,10,0,6442450944,0.0,18.0,True
2.8906235294117644,rsu,rsu-2,rsu-2:gpu,rsu_gpu,1,0,0,0,0.0,0.0,0,167.65616470588233,,,,,0,10,0,6442450944,0.0,18.0,True
3.05,vehicle,veh-1,veh-1:accelerator,accelerator,1,0,0,0,0.20160352941176468,0.06609951783992285,1,26.481640529411763,0,536870912,"{""accelerator"":0,""cpu"":0,""encoder"":0}","{""accelerator"":8,""cpu"":8,""encoder"":8}",,,,,,,
3.05,vehicle,veh-1,veh-1:cpu,cpu,1,0,0,0,0.0,0.0,0,26.481640529411763,0,536870912,"{""accelerator"":0,""cpu"":0,""encoder"":0}","{""accelerator"":8,""cpu"":8,""encoder"":8}",,,,,,,
3.05,vehicle,veh-1,veh-1:encoder,encoder,1,0,0,0,0.0,0.0,0,26.481640529411763,0,536870912,"{""accelerator"":0,""cpu"":0,""encoder"":0}","{""accelerator"":8,""cpu"":8,""encoder"":8}",,,,,,,
3.05,vehicle,veh-2,veh-2:accelerator,accelerator,1,0,0,0,0.22544300200000006,0.07391573836065576,1,21.78824217724,0,268435456,"{""accelerator"":0,""cpu"":0,""encoder"":0}","{""accelerator"":6,""cpu"":6,""encoder"":6}",,,,,,,
3.05,vehicle,veh-2,veh-2:cpu,cpu,1,0,0,0,0.008000000000000007,0.0026229508196721337,1,21.78824217724,0,268435456,"{""accelerator"":0,""cpu"":0,""encoder"":0}","{""accelerator"":6,""cpu"":6,""encoder"":6}",,,,,,,
3.05,vehicle,veh-2,veh-2:encoder,encoder,1,0,0,0,0.008199999999999985,0.0026885245901639297,1,21.78824217724,0,268435456,"{""accelerator"":0,""cpu"":0,""encoder"":0}","{""accelerator"":6,""cpu"":6,""encoder"":6}",,,,,,,
3.05,rsu,rsu-1,rsu-1:ingress,rsu_ingress_cpu,1,0,0,0,0.0,0.0,0,219.60000000000002,,,,,0,16,0,8589934592,0.0,30.0,False
3.05,rsu,rsu-1,rsu-1:gpu,rsu_gpu,2,0,0,0,0.0,0.0,0,219.60000000000002,,,,,0,16,0,8589934592,0.0,30.0,False
3.05,rsu,rsu-2,rsu-2:ingress,rsu_ingress_cpu,1,0,0,0,0.0,0.0,0,176.89999999999998,,,,,0,10,0,6442450944,0.0,18.0,False
3.05,rsu,rsu-2,rsu-2:gpu,rsu_gpu,1,0,0,0,0.0,0.0,0,176.89999999999998,,,,,0,10,0,6442450944,0.0,18.0,False
3.42,vehicle,veh-1,veh-1:accelerator,accelerator,1,0,0,0,0.20160352941176468,0.05894840041279669,1,29.441640529411764,0,536870912,"{""accelerator"":0,""cpu"":0,""encoder"":0}","{""accelerator"":8,""cpu"":8,""encoder"":8}",,,,,,,
3.42,vehicle,veh-1,veh-1:cpu,cpu,1,0,0,0,0.0,0.0,0,29.441640529411764,0,536870912,"{""accelerator"":0,""cpu"":0,""encoder"":0}","{""accelerator"":8,""cpu"":8,""encoder"":8}",,,,,,,
3.42,vehicle,veh-1,veh-1:encoder,encoder,1,0,0,0,0.0,0.0,0,29.441640529411764,0,536870912,"{""accelerator"":0,""cpu"":0,""encoder"":0}","{""accelerator"":8,""cpu"":8,""encoder"":8}",,,,,,,
3.42,vehicle,veh-2,veh-2:accelerator,accelerator,1,0,0,0,0.22544300200000006,0.06591900643274856,1,24.193242177240002,0,268435456,"{""accelerator"":0,""cpu"":0,""encoder"":0}","{""accelerator"":6,""cpu"":6,""encoder"":6}",,,,,,,
3.42,vehicle,veh-2,veh-2:cpu,cpu,1,0,0,0,0.008000000000000007,0.00233918128654971,1,24.193242177240002,0,268435456,"{""accelerator"":0,""cpu"":0,""encoder"":0}","{""accelerator"":6,""cpu"":6,""encoder"":6}",,,,,,,
3.42,vehicle,veh-2,veh-2:encoder,encoder,1,0,0,0,0.008199999999999985,0.002397660818713446,1,24.193242177240002,0,268435456,"{""accelerator"":0,""cpu"":0,""encoder"":0}","{""accelerator"":6,""cpu"":6,""encoder"":6}",,,,,,,
3.42,rsu,rsu-1,rsu-1:ingress,rsu_ingress_cpu,1,0,0,0,0.0,0.0,0,246.24000000000004,,,,,0,16,0,8589934592,0.0,30.0,False
3.42,rsu,rsu-1,rsu-1:gpu,rsu_gpu,2,0,0,0,0.0,0.0,0,246.24000000000004,,,,,0,16,0,8589934592,0.0,30.0,False
3.42,rsu,rsu-2,rsu-2:ingress,rsu_ingress_cpu,1,0,0,0,0.0,0.0,0,198.35999999999999,,,,,0,10,0,6442450944,0.0,18.0,False
3.42,rsu,rsu-2,rsu-2:gpu,rsu_gpu,1,0,0,0,0.0,0.0,0,198.35999999999999,,,,,0,10,0,6442450944,0.0,18.0,False
3.48,vehicle,veh-1,veh-1:accelerator,accelerator,1,0,0,0,0.20160352941176468,0.05793204868154157,1,29.921640529411764,0,536870912,"{""accelerator"":0,""cpu"":0,""encoder"":0}","{""accelerator"":8,""cpu"":8,""encoder"":8}",,,,,,,
3.48,vehicle,veh-1,veh-1:cpu,cpu,1,0,0,0,0.0,0.0,0,29.921640529411764,0,536870912,"{""accelerator"":0,""cpu"":0,""encoder"":0}","{""accelerator"":8,""cpu"":8,""encoder"":8}",,,,,,,
3.48,vehicle,veh-1,veh-1:encoder,encoder,1,0,0,0,0.0,0.0,0,29.921640529411764,0,536870912,"{""accelerator"":0,""cpu"":0,""encoder"":0}","{""accelerator"":8,""cpu"":8,""encoder"":8}",,,,,,,
3.48,vehicle,veh-2,veh-2:accelerator,accelerator,1,0,1,0.038,0.22544300200000006,0.06478247183908048,1,24.583242177240002,50331648,268435456,"{""accelerator"":1,""cpu"":0,""encoder"":0}","{""accelerator"":6,""cpu"":6,""encoder"":6}",,,,,,,
3.48,vehicle,veh-2,veh-2:cpu,cpu,1,0,0,0,0.008000000000000007,0.002298850574712646,1,24.583242177240002,50331648,268435456,"{""accelerator"":1,""cpu"":0,""encoder"":0}","{""accelerator"":6,""cpu"":6,""encoder"":6}",,,,,,,
3.48,vehicle,veh-2,veh-2:encoder,encoder,1,0,0,0,0.008199999999999985,0.0023563218390804555,1,24.583242177240002,50331648,268435456,"{""accelerator"":1,""cpu"":0,""encoder"":0}","{""accelerator"":6,""cpu"":6,""encoder"":6}",,,,,,,
3.48,rsu,rsu-1,rsu-1:ingress,rsu_ingress_cpu,1,0,0,0,0.0,0.0,0,250.56000000000003,,,,,0,16,0,8589934592,0.0,30.0,False
3.48,rsu,rsu-1,rsu-1:gpu,rsu_gpu,2,0,0,0,0.0,0.0,0,250.56000000000003,,,,,0,16,0,8589934592,0.0,30.0,False
3.48,rsu,rsu-2,rsu-2:ingress,rsu_ingress_cpu,1,0,0,0,0.0,0.0,0,201.83999999999997,,,,,0,10,0,6442450944,0.0,18.0,False
3.48,rsu,rsu-2,rsu-2:gpu,rsu_gpu,1,0,0,0,0.0,0.0,0,201.83999999999997,,,,,0,10,0,6442450944,0.0,18.0,False
3.5,vehicle,veh-1,veh-1:accelerator,accelerator,1,0,0,0,0.20160352941176468,0.05760100840336134,1,30.081640529411764,0,536870912,"{""accelerator"":0,""cpu"":0,""encoder"":0}","{""accelerator"":8,""cpu"":8,""encoder"":8}",,,,,,,
3.5,vehicle,veh-1,veh-1:cpu,cpu,1,0,0,0,0.0,0.0,0,30.081640529411764,0,536870912,"{""accelerator"":0,""cpu"":0,""encoder"":0}","{""accelerator"":8,""cpu"":8,""encoder"":8}",,,,,,,
3.5,vehicle,veh-1,veh-1:encoder,encoder,1,0,0,0,0.0,0.0,0,30.081640529411764,0,536870912,"{""accelerator"":0,""cpu"":0,""encoder"":0}","{""accelerator"":8,""cpu"":8,""encoder"":8}",,,,,,,
3.5,vehicle,veh-2,veh-2:accelerator,accelerator,1,0,1,0.024399999999999984,0.24544300200000008,0.07012657200000003,1,24.817642177240003,50331648,268435456,"{""accelerator"":1,""cpu"":0,""encoder"":0}","{""accelerator"":6,""cpu"":6,""encoder"":6}",,,,,,,
3.5,vehicle,veh-2,veh-2:cpu,cpu,1,0,0,0,0.008000000000000007,0.0022857142857142876,1,24.817642177240003,50331648,268435456,"{""accelerator"":1,""cpu"":0,""encoder"":0}","{""accelerator"":6,""cpu"":6,""encoder"":6}",,,,,,,
3.5,vehicle,veh-2,veh-2:encoder,encoder,1,0,0,0,0.008199999999999985,0.0023428571428571387,1,24.817642177240003,50331648,268435456,"{""accelerator"":1,""cpu"":0,""encoder"":0}","{""accelerator"":6,""cpu"":6,""encoder"":6}",,,,,,,
3.5,rsu,rsu-1,rsu-1:ingress,rsu_ingress_cpu,1,0,0,0,0.0,0.0,0,252.00000000000003,,,,,0,16,0,8589934592,0.0,30.0,False
3.5,rsu,rsu-1,rsu-1:gpu,rsu_gpu,2,0,0,0,0.0,0.0,0,252.00000000000003,,,,,0,16,0,8589934592,0.0,30.0,False
3.5,rsu,rsu-2,rsu-2:ingress,rsu_ingress_cpu,1,0,0,0,0.0,0.0,0,202.99999999999997,,,,,0,10,0,6442450944,0.0,18.0,False
3.5,rsu,rsu-2,rsu-2:gpu,rsu_gpu,1,0,0,0,0.0,0.0,0,202.99999999999997,,,,,0,10,0,6442450944,0.0,18.0,False
3.5358823529411763,vehicle,veh-1,veh-1:accelerator,accelerator,1,0,0,0,0.20160352941176468,0.057016469805356844,1,30.368699352941174,0,536870912,"{""accelerator"":0,""cpu"":0,""encoder"":0}","{""accelerator"":8,""cpu"":8,""encoder"":8}",,,,,,,
3.5358823529411763,vehicle,veh-1,veh-1:cpu,cpu,1,0,0,0,0.0,0.0,0,30.368699352941174,0,536870912,"{""accelerator"":0,""cpu"":0,""encoder"":0}","{""accelerator"":8,""cpu"":8,""encoder"":8}",,,,,,,
3.5358823529411763,vehicle,veh-1,veh-1:encoder,encoder,1,0,0,0,0.0,0.0,0,30.368699352941174,0,536870912,"{""accelerator"":0,""cpu"":0,""encoder"":0}","{""accelerator"":8,""cpu"":8,""encoder"":8}",,,,,,,
3.5358823529411763,vehicle,veh-2,veh-2:accelerator,accelerator,1,0,0,0,0.28132535494117633,0.07956298509399432,1,25.24218335371059,0,268435456,"{""accelerator"":0,""cpu"":0,""encoder"":0}","{""accelerator"":6,""cpu"":6,""encoder"":6}",,,,,,,
3.5358823529411763,vehicle,veh-2,veh-2:cpu,cpu,1,0,0,0,0.008000000000000007,0.0022625187156879076,1,25.24218335371059,0,268435456,"{""accelerator"":0,""cpu"":0,""encoder"":0}","{""accelerator"":6,""cpu"":6,""encoder"":6}",,,,,,,
3.5358823529411763,vehicle,veh-2,veh-2:encoder,encoder,1,0,0,0,0.008199999999999985,0.002319081683580099,1,25.24218335371059,0,268435456,"{""accelerator"":0,""cpu"":0,""encoder"":0}","{""accelerator"":6,""cpu"":6,""encoder"":6}",,,,,,,
3.5358823529411763,rsu,rsu-1,rsu-1:ingress,rsu_ingress_cpu,1,0,0,0,0.0,0.0,0,254.58352941176472,,,,,0,16,0,8589934592,0.0,30.0,False
3.5358823529411763,rsu,rsu-1,rsu-1:gpu,rsu_gpu,2,0,0,0,0.0,0.0,0,254.58352941176472,,,,,0,16,0,8589934592,0.0,30.0,False
3.5358823529411763,rsu,rsu-2,rsu-2:ingress,rsu_ingress_cpu,1,0,0,0,0.0,0.0,0,205.0811764705882,,,,,0,10,0,6442450944,0.0,18.0,False
3.5358823529411763,rsu,rsu-2,rsu-2:gpu,rsu_gpu,1,0,0,0,0.0,0.0,0,205.0811764705882,,,,,0,10,0,6442450944,0.0,18.0,False
3.536682352941176,vehicle,veh-1,veh-1:accelerator,accelerator,1,0,0,0,0.20160352941176468,0.05700357264036086,1,30.375099352941174,0,536870912,"{""accelerator"":0,""cpu"":0,""encoder"":0}","{""accelerator"":8,""cpu"":8,""encoder"":8}",,,,,,,
3.536682352941176,vehicle,veh-1,veh-1:cpu,cpu,1,0,0,0,0.0,0.0,0,30.375099352941174,0,536870912,"{""accelerator"":0,""cpu"":0,""encoder"":0}","{""accelerator"":8,""cpu"":8,""encoder"":8}",,,,,,,
3.536682352941176,vehicle,veh-1,veh-1:encoder,encoder,1,0,0,0,0.0,0.0,0,30.375099352941174,0,536870912,"{""accelerator"":0,""cpu"":0,""encoder"":0}","{""accelerator"":8,""cpu"":8,""encoder"":8}",,,,,,,
3.536682352941176,vehicle,veh-2,veh-2:accelerator,accelerator,1,0,1,0.061,0.28132535494117633,0.07954498789160992,1,25.247479353710588,230686720,268435456,"{""accelerator"":1,""cpu"":0,""encoder"":0}","{""accelerator"":6,""cpu"":6,""encoder"":6}",,,,,,,
3.536682352941176,vehicle,veh-2,veh-2:cpu,cpu,1,0,0,0,0.008000000000000007,0.0022620069323859536,1,25.247479353710588,230686720,268435456,"{""accelerator"":1,""cpu"":0,""encoder"":0}","{""accelerator"":6,""cpu"":6,""encoder"":6}",,,,,,,
3.536682352941176,vehicle,veh-2,veh-2:encoder,encoder,1,0,0,0,0.008199999999999985,0.0023185571056955965,1,25.247479353710588,230686720,268435456,"{""accelerator"":1,""cpu"":0,""encoder"":0}","{""accelerator"":6,""cpu"":6,""encoder"":6}",,,,,,,
3.536682352941176,rsu,rsu-1,rsu-1:ingress,rsu_ingress_cpu,1,0,0,0,0.0,0.0,0,254.64112941176472,,,,,0,16,0,8589934592,0.0,30.0,False
3.536682352941176,rsu,rsu-1,rsu-1:gpu,rsu_gpu,2,0,0,0,0.0,0.0,0,254.64112941176472,,,,,0,16,0,8589934592,0.0,30.0,False
3.536682352941176,rsu,rsu-2,rsu-2:ingress,rsu_ingress_cpu,1,0,0,0,0.0,0.0,0,205.1275764705882,,,,,0,10,0,6442450944,0.0,18.0,False
3.536682352941176,rsu,rsu-2,rsu-2:gpu,rsu_gpu,1,0,0,0,0.0,0.0,0,205.1275764705882,,,,,0,10,0,6442450944,0.0,18.0,False
3.6263882352941175,vehicle,veh-1,veh-1:accelerator,accelerator,1,0,0,0,0.20160352941176468,0.05559347657529935,1,31.092746411764704,0,536870912,"{""accelerator"":0,""cpu"":0,""encoder"":0}","{""accelerator"":8,""cpu"":8,""encoder"":8}",,,,,,,
3.6263882352941175,vehicle,veh-1,veh-1:cpu,cpu,1,0,0,0,0.0,0.0,0,31.092746411764704,0,536870912,"{""accelerator"":0,""cpu"":0,""encoder"":0}","{""accelerator"":8,""cpu"":8,""encoder"":8}",,,,,,,
3.6263882352941175,vehicle,veh-1,veh-1:encoder,encoder,1,0,0,0,0.0,0.0,0,31.092746411764704,0,536870912,"{""accelerator"":0,""cpu"":0,""encoder"":0}","{""accelerator"":8,""cpu"":8,""encoder"":8}",,,,,,,
3.6263882352941175,vehicle,veh-2,veh-2:accelerator,accelerator,1,0,0,0,0.37103123729411763,0.10231426235145648,1,26.31713229488706,0,268435456,"{""accelerator"":0,""cpu"":0,""encoder"":0}","{""accelerator"":6,""cpu"":6,""encoder"":6}",,,,,,,
3.6263882352941175,vehicle,veh-2,veh-2:cpu,cpu,1,0,0,0,0.008000000000000007,0.0022060517189360362,1,26.31713229488706,0,268435456,"{""accelerator"":0,""cpu"":0,""encoder"":0}","{""accelerator"":6,""cpu"":6,""encoder"":6}",,,,,,,
3.6263882352941175,vehicle,veh-2,veh-2:encoder,encoder,1,0,0,0,0.008199999999999985,0.002261203011909431,1,26.31713229488706,0,268435456,"{""accelerator"":0,""cpu"":0,""encoder"":0}","{""accelerator"":6,""cpu"":6,""encoder"":6}",,,,,,,
3.6263882352941175,rsu,rsu-1,rsu-1:ingress,rsu_ingress_cpu,1,0,0,0,0.0,0.0,0,261.0999529411765,,,,,0,16,0,8589934592,0.0,30.0,False
3.6263882352941175,rsu,rsu-1,rsu-1:gpu,rsu_gpu,2,0,0,0,0.0,0.0,0,261.0999529411765,,,,,0,16,0,8589934592,0.0,30.0,False
3.6263882352941175,rsu,rsu-2,rsu-2:ingress,rsu_ingress_cpu,1,0,0,0,0.0,0.0,0,210.3305176470588,,,,,0,10,0,6442450944,0.0,18.0,False
3.6263882352941175,rsu,rsu-2,rsu-2:gpu,rsu_gpu,1,0,0,0,0.0,0.0,0,210.3305176470588,,,,,0,10,0,6442450944,0.0,18.0,False
4.0,vehicle,veh-1,veh-1:accelerator,accelerator,1,0,0,0,0.20160352941176468,0.05040088235294117,1,34.081640529411764,0,536870912,"{""accelerator"":0,""cpu"":0,""encoder"":0}","{""accelerator"":8,""cpu"":8,""encoder"":8}",,,,,,,
4.0,vehicle,veh-1,veh-1:cpu,cpu,1,0,0,0,0.0,0.0,0,34.081640529411764,0,536870912,"{""accelerator"":0,""cpu"":0,""encoder"":0}","{""accelerator"":8,""cpu"":8,""encoder"":8}",,,,,,,
4.0,vehicle,veh-1,veh-1:encoder,encoder,1,0,0,0,0.0,0.0,0,34.081640529411764,0,536870912,"{""accelerator"":0,""cpu"":0,""encoder"":0}","{""accelerator"":8,""cpu"":8,""encoder"":8}",,,,,,,
4.0,vehicle,veh-2,veh-2:accelerator,accelerator,1,0,0,0,0.37103123729411763,0.09275780932352941,1,28.745608765475296,0,268435456,"{""accelerator"":0,""cpu"":0,""encoder"":0}","{""accelerator"":6,""cpu"":6,""encoder"":6}",,,,,,,
4.0,vehicle,veh-2,veh-2:cpu,cpu,1,0,0,0,0.008000000000000007,0.0020000000000000018,1,28.745608765475296,0,268435456,"{""accelerator"":0,""cpu"":0,""encoder"":0}","{""accelerator"":6,""cpu"":6,""encoder"":6}",,,,,,,
4.0,vehicle,veh-2,veh-2:encoder,encoder,1,0,0,0,0.008199999999999985,0.0020499999999999963,1,28.745608765475296,0,268435456,"{""accelerator"":0,""cpu"":0,""encoder"":0}","{""accelerator"":6,""cpu"":6,""encoder"":6}",,,,,,,
4.0,rsu,rsu-1,rsu-1:ingress,rsu_ingress_cpu,1,0,0,0,0.0,0.0,0,288.00000000000006,,,,,0,16,0,8589934592,0.0,30.0,False
4.0,rsu,rsu-1,rsu-1:gpu,rsu_gpu,2,0,0,0,0.0,0.0,0,288.00000000000006,,,,,0,16,0,8589934592,0.0,30.0,False
4.0,rsu,rsu-2,rsu-2:ingress,rsu_ingress_cpu,1,0,0,0,0.0,0.0,0,232.0,,,,,0,10,0,6442450944,0.0,18.0,False
4.0,rsu,rsu-2,rsu-2:gpu,rsu_gpu,1,0,0,0,0.0,0.0,0,232.0,,,,,0,10,0,6442450944,0.0,18.0,False
4.68,vehicle,veh-1,veh-1:accelerator,accelerator,1,0,0,0,0.20160352941176468,0.043077677224736044,1,39.52164052941176,0,536870912,"{""accelerator"":0,""cpu"":0,""encoder"":0}","{""accelerator"":8,""cpu"":8,""encoder"":8}",,,,,,,
4.68,vehicle,veh-1,veh-1:cpu,cpu,1,0,0,0,0.0,0.0,0,39.52164052941176,0,536870912,"{""accelerator"":0,""cpu"":0,""encoder"":0}","{""accelerator"":8,""cpu"":8,""encoder"":8}",,,,,,,
4.68,vehicle,veh-1,veh-1:encoder,encoder,1,0,0,0,0.0,0.0,0,39.52164052941176,0,536870912,"{""accelerator"":0,""cpu"":0,""encoder"":0}","{""accelerator"":8,""cpu"":8,""encoder"":8}",,,,,,,
4.68,vehicle,veh-2,veh-2:accelerator,accelerator,1,0,0,0,0.37103123729411763,0.0792801789089995,1,33.1656087654753,0,268435456,"{""accelerator"":0,""cpu"":0,""encoder"":0}","{""accelerator"":6,""cpu"":6,""encoder"":6}",,,,,,,
4.68,vehicle,veh-2,veh-2:cpu,cpu,1,0,0,0,0.008000000000000007,0.001709401709401711,1,33.1656087654753,0,268435456,"{""accelerator"":0,""cpu"":0,""encoder"":0}","{""accelerator"":6,""cpu"":6,""encoder"":6}",,,,,,,
4.68,vehicle,veh-2,veh-2:encoder,encoder,1,0,0,0,0.008199999999999985,0.001752136752136749,1,33.1656087654753,0,268435456,"{""accelerator"":0,""cpu"":0,""encoder"":0}","{""accelerator"":6,""cpu"":6,""encoder"":6}",,,,,,,
4.68,rsu,rsu-1,rsu-1:ingress,rsu_ingress_cpu,1,0,0,0,0.0,0.0,0,336.96000000000004,,,,,0,16,0,8589934592,0.0,30.0,False
4.68,rsu,rsu-1,rsu-1:gpu,rsu_gpu,2,0,0,0,0.0,0.0,0,336.96000000000004,,,,,0,16,0,8589934592,0.0,30.0,False
4.68,rsu,rsu-2,rsu-2:ingress,rsu_ingress_cpu,1,0,0,0,0.0,0.0,0,271.44,,,,,0,10,0,6442450944,0.0,18.0,False
4.68,rsu,rsu-2,rsu-2:gpu,rsu_gpu,1,0,0,0,0.0,0.0,0,271.44,,,,,0,10,0,6442450944,0.0,18.0,False
4.95,vehicle,veh-1,veh-1:accelerator,accelerator,1,0,1,0.021,0.20160352941176468,0.040727985739750436,1,41.681640529411766,50331648,536870912,"{""accelerator"":1,""cpu"":0,""encoder"":0}","{""accelerator"":8,""cpu"":8,""encoder"":8}",,,,,,,
4.95,vehicle,veh-1,veh-1:cpu,cpu,1,0,0,0,0.0,0.0,0,41.681640529411766,50331648,536870912,"{""accelerator"":1,""cpu"":0,""encoder"":0}","{""accelerator"":8,""cpu"":8,""encoder"":8}",,,,,,,
4.95,vehicle,veh-1,veh-1:encoder,encoder,1,0,0,0,0.0,0.0,0,41.681640529411766,50331648,536870912,"{""accelerator"":1,""cpu"":0,""encoder"":0}","{""accelerator"":8,""cpu"":8,""encoder"":8}",,,,,,,
4.95,vehicle,veh-2,veh-2:accelerator,accelerator,1,0,0,0,0.37103123729411763,0.07495580551396315,1,34.9206087654753,0,268435456,"{""accelerator"":0,""cpu"":0,""encoder"":0}","{""accelerator"":6,""cpu"":6,""encoder"":6}",,,,,,,
4.95,vehicle,veh-2,veh-2:cpu,cpu,1,0,0,0,0.008000000000000007,0.0016161616161616175,1,34.9206087654753,0,268435456,"{""accelerator"":0,""cpu"":0,""encoder"":0}","{""accelerator"":6,""cpu"":6,""encoder"":6}",,,,,,,
4.95,vehicle,veh-2,veh-2:encoder,encoder,1,0,0,0,0.008199999999999985,0.0016565656565656534,1,34.9206087654753,0,268435456,"{""accelerator"":0,""cpu"":0,""encoder"":0}","{""accelerator"":6,""cpu"":6,""encoder"":6}",,,,,,,
4.95,rsu,rsu-1,rsu-1:ingress,rsu_ingress_cpu,1,0,0,0,0.0,0.0,0,356.4000000000001,,,,,0,16,0,8589934592,0.0,30.0,False
4.95,rsu,rsu-1,rsu-1:gpu,rsu_gpu,2,0,0,0,0.0,0.0,0,356.4000000000001,,,,,0,16,0,8589934592,0.0,30.0,False
4.95,rsu,rsu-2,rsu-2:ingress,rsu_ingress_cpu,1,0,0,0,0.0,0.0,0,287.1,,,,,0,10,0,6442450944,0.0,18.0,False
4.95,rsu,rsu-2,rsu-2:gpu,rsu_gpu,1,0,0,0,0.0,0.0,0,287.1,,,,,0,10,0,6442450944,0.0,18.0,False
4.971,vehicle,veh-1,veh-1:accelerator,accelerator,1,0,0,0,0.2226035294117646,0.044780432390216174,1,42.094290529411765,0,536870912,"{""accelerator"":0,""cpu"":0,""encoder"":0}","{""accelerator"":8,""cpu"":8,""encoder"":8}",,,,,,,
4.971,vehicle,veh-1,veh-1:cpu,cpu,1,0,0,0,0.0,0.0,0,42.094290529411765,0,536870912,"{""accelerator"":0,""cpu"":0,""encoder"":0}","{""accelerator"":8,""cpu"":8,""encoder"":8}",,,,,,,
4.971,vehicle,veh-1,veh-1:encoder,encoder,1,0,0,0,0.0,0.0,0,42.094290529411765,0,536870912,"{""accelerator"":0,""cpu"":0,""encoder"":0}","{""accelerator"":8,""cpu"":8,""encoder"":8}",,,,,,,
4.971,vehicle,veh-2,veh-2:accelerator,accelerator,1,0,0,0,0.37103123729411763,0.07463915455524393,1,35.0571087654753,0,268435456,"{""accelerator"":0,""cpu"":0,""encoder"":0}","{""accelerator"":6,""cpu"":6,""encoder"":6}",,,,,,,
4.971,vehicle,veh-2,veh-2:cpu,cpu,1,0,0,0,0.008000000000000007,0.0016093341380004037,1,35.0571087654753,0,268435456,"{""accelerator"":0,""cpu"":0,""encoder"":0}","{""accelerator"":6,""cpu"":6,""encoder"":6}",,,,,,,
4.971,vehicle,veh-2,veh-2:encoder,encoder,1,0,0,0,0.008199999999999985,0.0016495674914504095,1,35.0571087654753,0,268435456,"{""accelerator"":0,""cpu"":0,""encoder"":0}","{""accelerator"":6,""cpu"":6,""encoder"":6}",,,,,,,
4.971,rsu,rsu-1,rsu-1:ingress,rsu_ingress_cpu,1,0,0,0,0.0,0.0,0,357.9120000000001,,,,,0,16,0,8589934592,0.0,30.0,False
4.971,rsu,rsu-1,rsu-1:gpu,rsu_gpu,2,0,0,0,0.0,0.0,0,357.9120000000001,,,,,0,16,0,8589934592,0.0,30.0,False
4.971,rsu,rsu-2,rsu-2:ingress,rsu_ingress_cpu,1,0,0,0,0.0,0.0,0,288.31800000000004,,,,,0,10,0,6442450944,0.0,18.0,False
4.971,rsu,rsu-2,rsu-2:gpu,rsu_gpu,1,0,0,0,0.0,0.0,0,288.31800000000004,,,,,0,10,0,6442450944,0.0,18.0,False
5.25,vehicle,veh-1,veh-1:accelerator,accelerator,1,0,0,0,0.2226035294117646,0.04240067226890754,1,44.326290529411764,0,536870912,"{""accelerator"":0,""cpu"":0,""encoder"":0}","{""accelerator"":8,""cpu"":8,""encoder"":8}",,,,,,,
5.25,vehicle,veh-1,veh-1:cpu,cpu,1,0,0,0,0.0,0.0,0,44.326290529411764,0,536870912,"{""accelerator"":0,""cpu"":0,""encoder"":0}","{""accelerator"":8,""cpu"":8,""encoder"":8}",,,,,,,
5.25,vehicle,veh-1,veh-1:encoder,encoder,1,0,0,0,0.0,0.0,0,44.326290529411764,0,536870912,"{""accelerator"":0,""cpu"":0,""encoder"":0}","{""accelerator"":8,""cpu"":8,""encoder"":8}",,,,,,,
5.25,vehicle,veh-2,veh-2:accelerator,accelerator,1,0,0,0,0.37103123729411763,0.07067261662745097,1,36.870608765475296,0,268435456,"{""accelerator"":0,""cpu"":0,""encoder"":0}","{""accelerator"":6,""cpu"":6,""encoder"":6}",,,,,,,
5.25,vehicle,veh-2,veh-2:cpu,cpu,1,0,0,0,0.008000000000000007,0.0015238095238095252,1,36.870608765475296,0,268435456,"{""accelerator"":0,""cpu"":0,""encoder"":0}","{""accelerator"":6,""cpu"":6,""encoder"":6}",,,,,,,
5.25,vehicle,veh-2,veh-2:encoder,encoder,1,0,0,0,0.008199999999999985,0.0015619047619047591,1,36.870608765475296,0,268435456,"{""accelerator"":0,""cpu"":0,""encoder"":0}","{""accelerator"":6,""cpu"":6,""encoder"":6}",,,,,,,
5.25,rsu,rsu-1,rsu-1:ingress,rsu_ingress_cpu,1,0,0,0,0.0,0.0,0,378.0000000000001,,,,,0,16,0,8589934592,0.0,30.0,False
5.25,rsu,rsu-1,rsu-1:gpu,rsu_gpu,2,0,0,0,0.0,0.0,0,378.0000000000001,,,,,0,16,0,8589934592,0.0,30.0,False
5.25,rsu,rsu-2,rsu-2:ingress,rsu_ingress_cpu,1,0,0,0,0.0,0.0,0,304.50000000000006,,,,,0,10,0,6442450944,0.0,18.0,False
5.25,rsu,rsu-2,rsu-2:gpu,rsu_gpu,1,0,0,0,0.0,0.0,0,304.50000000000006,,,,,0,10,0,6442450944,0.0,18.0,False
5.8,vehicle,veh-1,veh-1:accelerator,accelerator,1,0,0,0,0.2226035294117646,0.03837991886409734,1,48.72629052941176,0,536870912,"{""accelerator"":0,""cpu"":0,""encoder"":0}","{""accelerator"":8,""cpu"":8,""encoder"":8}",,,,,,,
5.8,vehicle,veh-1,veh-1:cpu,cpu,1,0,0,0,0.0,0.0,0,48.72629052941176,0,536870912,"{""accelerator"":0,""cpu"":0,""encoder"":0}","{""accelerator"":8,""cpu"":8,""encoder"":8}",,,,,,,
5.8,vehicle,veh-1,veh-1:encoder,encoder,1,0,0,0,0.0,0.0,0,48.72629052941176,0,536870912,"{""accelerator"":0,""cpu"":0,""encoder"":0}","{""accelerator"":8,""cpu"":8,""encoder"":8}",,,,,,,
5.8,vehicle,veh-2,veh-2:accelerator,accelerator,1,0,0,0,0.37103123729411763,0.06397090298174442,1,40.44560876547529,0,268435456,"{""accelerator"":0,""cpu"":0,""encoder"":0}","{""accelerator"":6,""cpu"":6,""encoder"":6}",,,,,,,
5.8,vehicle,veh-2,veh-2:cpu,cpu,1,0,0,0,0.008000000000000007,0.0013793103448275874,1,40.44560876547529,0,268435456,"{""accelerator"":0,""cpu"":0,""encoder"":0}","{""accelerator"":6,""cpu"":6,""encoder"":6}",,,,,,,
5.8,vehicle,veh-2,veh-2:encoder,encoder,1,0,0,0,0.008199999999999985,0.0014137931034482734,1,40.44560876547529,0,268435456,"{""accelerator"":0,""cpu"":0,""encoder"":0}","{""accelerator"":6,""cpu"":6,""encoder"":6}",,,,,,,
5.8,rsu,rsu-1,rsu-1:ingress,rsu_ingress_cpu,1,0,0,0,0.0,0.0,0,417.6000000000001,,,,,0,16,0,8589934592,0.0,30.0,False
5.8,rsu,rsu-1,rsu-1:gpu,rsu_gpu,2,0,0,0,0.0,0.0,0,417.6000000000001,,,,,0,16,0,8589934592,0.0,30.0,False
5.8,rsu,rsu-2,rsu-2:ingress,rsu_ingress_cpu,1,0,0,0,0.0,0.0,0,336.40000000000003,,,,,0,10,0,6442450944,0.0,18.0,False
5.8,rsu,rsu-2,rsu-2:gpu,rsu_gpu,1,0,0,0,0.0,0.0,0,336.40000000000003,,,,,0,10,0,6442450944,0.0,18.0,False
5.82,vehicle,veh-1,veh-1:accelerator,accelerator,1,0,0,0,0.2226035294117646,0.038248029108550616,1,48.88629052941177,0,536870912,"{""accelerator"":0,""cpu"":0,""encoder"":0}","{""accelerator"":8,""cpu"":8,""encoder"":8}",,,,,,,
5.82,vehicle,veh-1,veh-1:cpu,cpu,1,0,0,0,0.0,0.0,0,48.88629052941177,0,536870912,"{""accelerator"":0,""cpu"":0,""encoder"":0}","{""accelerator"":8,""cpu"":8,""encoder"":8}",,,,,,,
5.82,vehicle,veh-1,veh-1:encoder,encoder,1,0,0,0,0.0,0.0,0,48.88629052941177,0,536870912,"{""accelerator"":0,""cpu"":0,""encoder"":0}","{""accelerator"":8,""cpu"":8,""encoder"":8}",,,,,,,
5.82,vehicle,veh-2,veh-2:accelerator,accelerator,1,0,1,0.04484,0.37103123729411763,0.06375107170002021,1,40.575608765475295,50331648,268435456,"{""accelerator"":1,""cpu"":0,""encoder"":0}","{""accelerator"":6,""cpu"":6,""encoder"":6}",,,,,,,
5.82,vehicle,veh-2,veh-2:cpu,cpu,1,0,0,0,0.008000000000000007,0.0013745704467353964,1,40.575608765475295,50331648,268435456,"{""accelerator"":1,""cpu"":0,""encoder"":0}","{""accelerator"":6,""cpu"":6,""encoder"":6}",,,,,,,
5.82,vehicle,veh-2,veh-2:encoder,encoder,1,0,0,0,0.008199999999999985,0.0014089347079037774,1,40.575608765475295,50331648,268435456,"{""accelerator"":1,""cpu"":0,""encoder"":0}","{""accelerator"":6,""cpu"":6,""encoder"":6}",,,,,,,
5.82,rsu,rsu-1,rsu-1:ingress,rsu_ingress_cpu,1,0,0,0,0.0,0.0,0,419.04000000000013,,,,,0,16,0,8589934592,0.0,30.0,False
5.82,rsu,rsu-1,rsu-1:gpu,rsu_gpu,2,0,0,0,0.0,0.0,0,419.04000000000013,,,,,0,16,0,8589934592,0.0,30.0,False
5.82,rsu,rsu-2,rsu-2:ingress,rsu_ingress_cpu,1,0,0,0,0.0,0.0,0,337.56000000000006,,,,,0,10,0,6442450944,0.0,18.0,False
5.82,rsu,rsu-2,rsu-2:gpu,rsu_gpu,1,0,0,0,0.0,0.0,0,337.56000000000006,,,,,0,10,0,6442450944,0.0,18.0,False
5.86484,vehicle,veh-1,veh-1:accelerator,accelerator,1,0,0,0,0.2226035294117646,0.037955601416537296,1,49.245010529411765,0,536870912,"{""accelerator"":0,""cpu"":0,""encoder"":0}","{""accelerator"":8,""cpu"":8,""encoder"":8}",,,,,,,
5.86484,vehicle,veh-1,veh-1:cpu,cpu,1,0,0,0,0.0,0.0,0,49.245010529411765,0,536870912,"{""accelerator"":0,""cpu"":0,""encoder"":0}","{""accelerator"":8,""cpu"":8,""encoder"":8}",,,,,,,
5.86484,vehicle,veh-1,veh-1:encoder,encoder,1,0,0,0,0.0,0.0,0,49.245010529411765,0,536870912,"{""accelerator"":0,""cpu"":0,""encoder"":0}","{""accelerator"":8,""cpu"":8,""encoder"":8}",,,,,,,
5.86484,vehicle,veh-2,veh-2:accelerator,accelerator,1,0,0,0,0.4158712372941174,0.07090922127357564,1,41.21274956547529,0,268435456,"{""accelerator"":0,""cpu"":0,""encoder"":0}","{""accelerator"":6,""cpu"":6,""encoder"":6}",,,,,,,
5.86484,vehicle,veh-2,veh-2:cpu,cpu,1,0,0,0,0.008000000000000007,0.0013640610826552825,1,41.21274956547529,0,268435456,"{""accelerator"":0,""cpu"":0,""encoder"":0}","{""accelerator"":6,""cpu"":6,""encoder"":6}",,,,,,,
5.86484,vehicle,veh-2,veh-2:encoder,encoder,1,0,0,0,0.008199999999999985,0.0013981626097216608,1,41.21274956547529,0,268435456,"{""accelerator"":0,""cpu"":0,""encoder"":0}","{""accelerator"":6,""cpu"":6,""encoder"":6}",,,,,,,
5.86484,rsu,rsu-1,rsu-1:ingress,rsu_ingress_cpu,1,0,0,0,0.0,0.0,0,422.2684800000001,,,,,0,16,0,8589934592,0.0,30.0,False
5.86484,rsu,rsu-1,rsu-1:gpu,rsu_gpu,2,0,0,0,0.0,0.0,0,422.2684800000001,,,,,0,16,0,8589934592,0.0,30.0,False
5.86484,rsu,rsu-2,rsu-2:ingress,rsu_ingress_cpu,1,0,0,0,0.0,0.0,0,340.16072,,,,,0,10,0,6442450944,0.0,18.0,False
5.86484,rsu,rsu-2,rsu-2:gpu,rsu_gpu,1,0,0,0,0.0,0.0,0,340.16072,,,,,0,10,0,6442450944,0.0,18.0,False
5.86564,vehicle,veh-1,veh-1:accelerator,accelerator,1,0,0,0,0.2226035294117646,0.03795042474679056,1,49.251410529411764,0,536870912,"{""accelerator"":0,""cpu"":0,""encoder"":0}","{""accelerator"":8,""cpu"":8,""encoder"":8}",,,,,,,
5.86564,vehicle,veh-1,veh-1:cpu,cpu,1,0,0,0,0.0,0.0,0,49.251410529411764,0,536870912,"{""accelerator"":0,""cpu"":0,""encoder"":0}","{""accelerator"":8,""cpu"":8,""encoder"":8}",,,,,,,
5.86564,vehicle,veh-1,veh-1:encoder,encoder,1,0,0,0,0.0,0.0,0,49.251410529411764,0,536870912,"{""accelerator"":0,""cpu"":0,""encoder"":0}","{""accelerator"":8,""cpu"":8,""encoder"":8}",,,,,,,
5.86564,vehicle,veh-2,veh-2:accelerator,accelerator,1,0,1,0.0671,0.4158712372941174,0.07089955014186301,1,41.21804556547529,230686720,268435456,"{""accelerator"":1,""cpu"":0,""encoder"":0}","{""accelerator"":6,""cpu"":6,""encoder"":6}",,,,,,,
5.86564,vehicle,veh-2,veh-2:cpu,cpu,1,0,0,0,0.008000000000000007,0.0013638750417686743,1,41.21804556547529,230686720,268435456,"{""accelerator"":1,""cpu"":0,""encoder"":0}","{""accelerator"":6,""cpu"":6,""encoder"":6}",,,,,,,
5.86564,vehicle,veh-2,veh-2:encoder,encoder,1,0,0,0,0.008199999999999985,0.0013979719178128873,1,41.21804556547529,230686720,268435456,"{""accelerator"":1,""cpu"":0,""encoder"":0}","{""accelerator"":6,""cpu"":6,""encoder"":6}",,,,,,,
5.86564,rsu,rsu-1,rsu-1:ingress,rsu_ingress_cpu,1,0,0,0,0.0,0.0,0,422.3260800000001,,,,,0,16,0,8589934592,0.0,30.0,False
5.86564,rsu,rsu-1,rsu-1:gpu,rsu_gpu,2,0,0,0,0.0,0.0,0,422.3260800000001,,,,,0,16,0,8589934592,0.0,30.0,False
5.86564,rsu,rsu-2,rsu-2:ingress,rsu_ingress_cpu,1,0,0,0,0.0,0.0,0,340.20712000000003,,,,,0,10,0,6442450944,0.0,18.0,False
5.86564,rsu,rsu-2,rsu-2:gpu,rsu_gpu,1,0,0,0,0.0,0.0,0,340.20712000000003,,,,,0,10,0,6442450944,0.0,18.0,False
5.93274,vehicle,veh-1,veh-1:accelerator,accelerator,1,0,0,0,0.2226035294117646,0.03752120089735343,1,49.788210529411764,0,536870912,"{""accelerator"":0,""cpu"":0,""encoder"":0}","{""accelerator"":8,""cpu"":8,""encoder"":8}",,,,,,,
5.93274,vehicle,veh-1,veh-1:cpu,cpu,1,0,0,0,0.0,0.0,0,49.788210529411764,0,536870912,"{""accelerator"":0,""cpu"":0,""encoder"":0}","{""accelerator"":8,""cpu"":8,""encoder"":8}",,,,,,,
5.93274,vehicle,veh-1,veh-1:encoder,encoder,1,0,0,0,0.0,0.0,0,49.788210529411764,0,536870912,"{""accelerator"":0,""cpu"":0,""encoder"":0}","{""accelerator"":8,""cpu"":8,""encoder"":8}",,,,,,,
5.93274,vehicle,veh-2,veh-2:accelerator,accelerator,1,0,0,0,0.48297123729411734,0.08140778751371497,1,42.185627565475286,0,268435456,"{""accelerator"":0,""cpu"":0,""encoder"":0}","{""accelerator"":6,""cpu"":6,""encoder"":6}",,,,,,,
5.93274,vehicle,veh-2,veh-2:cpu,cpu,1,0,0,0,0.008000000000000007,0.001348449451686743,1,42.185627565475286,0,268435456,"{""accelerator"":0,""cpu"":0,""encoder"":0}","{""accelerator"":6,""cpu"":6,""encoder"":6}",,,,,,,
5.93274,vehicle,veh-2,veh-2:encoder,encoder,1,0,0,0,0.008199999999999985,0.0013821606879789077,1,42.185627565475286,0,268435456,"{""accelerator"":0,""cpu"":0,""encoder"":0}","{""accelerator"":6,""cpu"":6,""encoder"":6}",,,,,,,
5.93274,rsu,rsu-1,rsu-1:ingress,rsu_ingress_cpu,1,0,0,0,0.0,0.0,0,427.1572800000001,,,,,0,16,0,8589934592,0.0,30.0,False
5.93274,rsu,rsu-1,rsu-1:gpu,rsu_gpu,2,0,0,0,0.0,0.0,0,427.1572800000001,,,,,0,16,0,8589934592,0.0,30.0,False
5.93274,rsu,rsu-2,rsu-2:ingress,rsu_ingress_cpu,1,0,0,0,0.0,0.0,0,344.09892,,,,,0,10,0,6442450944,0.0,18.0,False
5.93274,rsu,rsu-2,rsu-2:gpu,rsu_gpu,1,0,0,0,0.0,0.0,0,344.09892,,,,,0,10,0,6442450944,0.0,18.0,False
